Call_ID;Date;Month_Year;Time;Country;Customer_ID;Category;Shift;Agent_ID;Queue_Time_sec;Talk_Time_min;Hold_Time_min;Duration_min;ACW_min;CSAT;FCR;NPS
CC_00001;1/01/2026;2026-01;6:07:08;Mexico;CUST_ME_5165;Acceso y cuenta;T1;AG_002;122;5.1;0.8;5.9;0.4;1;1;9
CC_00002;1/01/2026;2026-01;6:07:56;Argentina;CUST_AR_8270;Acceso y cuenta;T1;AG_002;125;4.3;0.9;5.2;0.4;5;1;10
CC_00003;1/01/2026;2026-01;6:11:24;Argentina;CUST_AR_7742;Problemas tecnicos;T1;AG_004;19;1.5;0.2;1.7;0.5;3;0;5
CC_00004;1/01/2026;2026-01;6:12:04;Mexico;CUST_ME_5986;Problemas tecnicos;T1;AG_003;172;10.2;1.7;11.9;0.7;3;1;6
CC_00005;1/01/2026;2026-01;6:15:05;Mexico;CUST_ME_8265;Problemas tecnicos;T1;AG_004;173;4.7;0.6;5.3;0.4;3;1;5
CC_00006;1/01/2026;2026-01;6:18:04;Argentina;CUST_AR_7876;Gestion de suscripcion;T1;AG_002;117;2.1;0.4;2.5;0.3;4;1;9
CC_00007;1/01/2026;2026-01;6:18:33;Argentina;CUST_AR_6945;Problemas tecnicos;T1;AG_003;132;4.9;1.3;6.2;0.3;4;1;10
CC_00008;1/01/2026;2026-01;6:23:11;Mexico;CUST_ME_2842;Problemas tecnicos;T1;AG_002;130;2.3;0.3;2.6;0.7;3;0;9
CC_00009;1/01/2026;2026-01;6:26:35;Argentina;CUST_AR_7792;Promociones y descuentos;T1;AG_004;101;2.2;0.4;2.6;0.4;5;1;9
CC_00010;1/01/2026;2026-01;6:30:51;Mexico;CUST_ME_6872;Problemas tecnicos;T1;AG_002;110;5.0;1.5;6.5;0.4;4;1;9
CC_00011;1/01/2026;2026-01;6:33:08;Colombia;CUST_CO_1665;Acceso y cuenta;T1;AG_002;138;8.5;1.3;9.8;0.4;3;1;10
CC_00012;1/01/2026;2026-01;6:34:10;Mexico;CUST_ME_1360;Acceso y cuenta;T1;AG_003;74;2.8;0.3;3.1;0.6;4;1;9
CC_00013;1/01/2026;2026-01;6:35:51;Mexico;CUST_ME_6195;Problemas tecnicos;T1;AG_003;29;1.5;0.3;1.8;0.5;4;0;9
CC_00014;1/01/2026;2026-01;6:36:27;Mexico;CUST_ME_6914;Promociones y descuentos;T1;AG_002;99;5.6;1.1;6.7;0.6;4;1;9
CC_00015;1/01/2026;2026-01;6:57:39;Chile;CUST_CH_8255;Promociones y descuentos;T1;AG_004;102;3.4;1.0;4.4;0.5;5;1;9
CC_00016;1/01/2026;2026-01;7:03:07;Mexico;CUST_ME_3980;Promociones y descuentos;T1;AG_004;119;8.4;2.8;11.2;0.6;4;1;9
CC_00017;1/01/2026;2026-01;7:03:20;Mexico;CUST_ME_4815;Gestion de suscripcion;T1;AG_002;59;3.6;0.7;4.3;0.4;2;1;9
CC_00018;1/01/2026;2026-01;7:07:54;Uruguay;CUST_UR_6715;Problemas tecnicos;T1;AG_004;148;3.0;0.6;3.6;0.8;3;1;10
CC_00019;1/01/2026;2026-01;7:11:08;Honduras;CUST_HO_7103;Problemas tecnicos;T1;AG_003;120;5.4;1.6;7.0;0.5;4;1;9
CC_00020;1/01/2026;2026-01;7:12:11;Peru;CUST_PE_9998;Gestion de suscripcion;T1;AG_004;126;2.7;0.6;3.3;0.3;5;1;9
CC_00021;1/01/2026;2026-01;7:12:17;Costa Rica;CUST_CO_2602;Problemas tecnicos;T1;AG_002;168;2.0;0.3;2.3;0.8;3;1;9
CC_00022;1/01/2026;2026-01;7:13:33;Argentina;CUST_AR_9004;Problemas tecnicos;T1;AG_002;129;1.2;0.3;1.5;0.5;2;0;10
CC_00023;1/01/2026;2026-01;7:17:57;Argentina;CUST_AR_8164;Gestion de suscripcion;T1;AG_003;61;2.5;0.4;2.9;0.7;4;1;10
CC_00024;1/01/2026;2026-01;7:29:11;Peru;CUST_PE_8290;Problemas tecnicos;T1;AG_003;170;2.3;0.7;3.0;0.8;3;1;10
CC_00025;1/01/2026;2026-01;7:37:06;Mexico;CUST_ME_5574;Problemas tecnicos;T1;AG_002;35;4.5;1.4;5.9;0.3;5;0;9
CC_00026;1/01/2026;2026-01;7:37:41;Mexico;CUST_ME_2000;Acceso y cuenta;T1;AG_003;169;2.5;0.6;3.1;0.4;1;1;9
CC_00027;1/01/2026;2026-01;7:44:02;Mexico;CUST_ME_6881;Acceso y cuenta;T1;AG_002;128;3.9;0.5;4.4;0.3;4;1;8
CC_00028;1/01/2026;2026-01;7:45:33;Chile;CUST_CH_3868;Acceso y cuenta;T1;AG_002;168;4.3;0.8;5.1;0.6;4;1;9
CC_00029;1/01/2026;2026-01;7:52:07;Argentina;CUST_AR_8092;Problemas tecnicos;T1;AG_004;30;4.2;1.2;5.4;0.3;5;1;10
CC_00030;1/01/2026;2026-01;7:53:03;Mexico;CUST_ME_8463;Problemas tecnicos;T1;AG_002;65;2.2;0.7;2.9;0.7;2;1;9
CC_00031;1/01/2026;2026-01;7:54:48;Mexico;CUST_ME_6888;Gestion de suscripcion;T1;AG_002;55;1.0;0.2;1.2;0.5;4;1;9
CC_00032;1/01/2026;2026-01;7:55:09;Mexico;CUST_ME_6540;Problemas tecnicos;T1;AG_004;116;5.2;0.6;5.8;0.3;2;0;9
CC_00033;1/01/2026;2026-01;7:55:44;Mexico;CUST_ME_9275;Acceso y cuenta;T1;AG_003;143;3.1;0.5;3.6;0.7;3;1;9
CC_00034;1/01/2026;2026-01;7:56:39;Mexico;CUST_ME_3647;Problemas tecnicos;T1;AG_002;114;1.7;0.4;2.1;0.5;4;1;6
CC_00035;1/01/2026;2026-01;8:00:34;Ecuador;CUST_EC_7528;Problemas tecnicos;T1;AG_004;78;3.4;0.9;4.3;0.6;4;1;9
CC_00036;1/01/2026;2026-01;8:02:06;Argentina;CUST_AR_5354;Acceso y cuenta;T1;AG_003;97;2.3;0.3;2.6;0.6;5;1;8
CC_00037;1/01/2026;2026-01;8:04:08;Argentina;CUST_AR_7641;Problemas tecnicos;T1;AG_003;128;2.3;0.4;2.7;0.7;4;1;8
CC_00038;1/01/2026;2026-01;8:07:14;Mexico;CUST_ME_3625;Acceso y cuenta;T1;AG_002;34;3.4;0.7;4.1;0.3;5;1;9
CC_00039;1/01/2026;2026-01;8:07:23;Argentina;CUST_AR_3327;Acceso y cuenta;T1;AG_003;136;5.5;1.2;6.7;0.3;4;1;9
CC_00040;1/01/2026;2026-01;8:09:25;Mexico;CUST_ME_8378;Problemas tecnicos;T1;AG_003;44;1.9;0.3;2.2;0.4;5;0;9
CC_00041;1/01/2026;2026-01;8:11:12;Chile;CUST_CH_8001;Gestion de suscripcion;T1;AG_002;74;1.9;0.4;2.3;0.7;4;0;9
CC_00042;1/01/2026;2026-01;8:15:48;Mexico;CUST_ME_2149;Problemas tecnicos;T1;AG_003;77;5.2;1.6;6.8;0.7;2;0;2
CC_00043;1/01/2026;2026-01;8:16:16;Colombia;CUST_CO_1724;Promociones y descuentos;T1;AG_004;79;5.4;1.0;6.4;0.6;5;1;9
CC_00044;1/01/2026;2026-01;8:17:08;Argentina;CUST_AR_8993;Problemas tecnicos;T1;AG_003;126;2.2;0.6;2.8;0.8;4;1;9
CC_00045;1/01/2026;2026-01;8:17:46;Colombia;CUST_CO_1537;Gestion de suscripcion;T1;AG_003;125;4.9;0.7;5.6;0.4;4;1;8
CC_00046;1/01/2026;2026-01;8:19:29;Mexico;CUST_ME_7781;Acceso y cuenta;T1;AG_002;60;0.9;0.2;1.1;0.6;5;1;9
CC_00047;1/01/2026;2026-01;8:20:10;Colombia;CUST_CO_6390;Acceso y cuenta;T1;AG_003;42;1.4;0.3;1.7;0.6;5;0;9
CC_00048;1/01/2026;2026-01;8:20:27;Peru;CUST_PE_5540;Promociones y descuentos;T1;AG_002;166;3.9;0.5;4.4;0.5;5;1;10
CC_00049;1/01/2026;2026-01;8:20:57;Mexico;CUST_ME_1428;Problemas tecnicos;T1;AG_003;95;4.3;1.3;5.6;0.5;1;1;3
CC_00050;1/01/2026;2026-01;8:25:31;Mexico;CUST_ME_7439;Acceso y cuenta;T1;AG_004;137;3.6;1.1;4.7;0.5;3;0;10
CC_00051;1/01/2026;2026-01;8:35:47;Colombia;CUST_CO_3471;Acceso y cuenta;T1;AG_004;159;2.0;0.6;2.6;0.4;4;0;9
CC_00052;1/01/2026;2026-01;8:37:46;Chile;CUST_CH_3458;Promociones y descuentos;T1;AG_002;21;3.0;0.7;3.7;0.5;5;1;9
CC_00053;1/01/2026;2026-01;8:53:30;El Salvador;CUST_EL_8799;Promociones y descuentos;T1;AG_002;43;6.2;0.8;7.0;0.4;5;1;9
CC_00054;1/01/2026;2026-01;8:54:45;Mexico;CUST_ME_4148;Problemas tecnicos;T1;AG_003;79;4.7;1.0;5.7;0.5;2;0;9
CC_00055;1/01/2026;2026-01;9:00:39;Argentina;CUST_AR_1001;Problemas tecnicos;T1;AG_004;89;2.4;0.7;3.1;0.7;3;1;9
CC_00056;1/01/2026;2026-01;9:01:20;Panama;CUST_PA_2057;Promociones y descuentos;T1;AG_002;156;1.1;0.3;1.4;0.4;3;1;9
CC_00057;1/01/2026;2026-01;9:02:37;Colombia;CUST_CO_3200;Gestion de suscripcion;T1;AG_003;11;2.1;0.7;2.8;0.5;5;1;9
CC_00058;1/01/2026;2026-01;9:03:30;Mexico;CUST_ME_9627;Problemas tecnicos;T1;AG_004;6;1.3;0.4;1.7;0.6;2;1;10
CC_00059;1/01/2026;2026-01;9:03:44;Mexico;CUST_ME_8908;Gestion de suscripcion;T1;AG_002;176;1.2;0.3;1.5;0.6;5;1;10
CC_00060;1/01/2026;2026-01;9:04:22;Peru;CUST_PE_6867;Problemas tecnicos;T1;AG_003;31;5.6;1.0;6.6;0.6;2;0;9
CC_00061;1/01/2026;2026-01;9:05:24;Peru;CUST_PE_7531;Acceso y cuenta;T1;AG_004;7;5.4;0.8;6.2;0.3;4;1;7
CC_00062;1/01/2026;2026-01;9:07:11;Argentina;CUST_AR_5348;Acceso y cuenta;T1;AG_004;42;4.1;0.6;4.7;0.4;4;1;9
CC_00063;1/01/2026;2026-01;9:08:48;Uruguay;CUST_UR_9578;Acceso y cuenta;T1;AG_003;133;2.8;0.7;3.5;0.4;5;0;9
CC_00064;1/01/2026;2026-01;9:11:38;Chile;CUST_CH_9348;Acceso y cuenta;T1;AG_003;163;4.5;0.9;5.4;0.4;5;1;9
CC_00065;1/01/2026;2026-01;9:11:39;Argentina;CUST_AR_4436;Problemas tecnicos;T1;AG_004;95;3.9;0.5;4.4;0.4;4;1;9
CC_00066;1/01/2026;2026-01;9:17:26;Mexico;CUST_ME_5567;Acceso y cuenta;T1;AG_002;32;4.2;1.3;5.5;0.4;3;1;10
CC_00067;1/01/2026;2026-01;9:17:50;Mexico;CUST_ME_4433;Problemas tecnicos;T1;AG_002;161;4.7;1.4;6.1;0.5;2;1;9
CC_00068;1/01/2026;2026-01;9:18:55;Argentina;CUST_AR_8293;Acceso y cuenta;T1;AG_002;35;2.5;0.4;2.9;0.8;4;1;6
CC_00069;1/01/2026;2026-01;9:21:28;Mexico;CUST_ME_8165;Problemas tecnicos;T1;AG_002;32;1.2;0.3;1.5;0.4;4;1;9
CC_00070;1/01/2026;2026-01;9:21:29;Mexico;CUST_ME_7438;Problemas tecnicos;T1;AG_004;146;8.6;1.8;10.4;0.8;5;1;8
CC_00071;1/01/2026;2026-01;9:21:33;Argentina;CUST_AR_2186;Problemas tecnicos;T1;AG_003;178;4.3;0.7;5.0;0.6;4;0;9
CC_00072;1/01/2026;2026-01;9:27:48;Republica Dominicana;CUST_RE_6668;Problemas tecnicos;T1;AG_003;61;5.5;1.2;6.7;0.7;5;1;9
CC_00073;1/01/2026;2026-01;9:33:41;El Salvador;CUST_EL_1513;Problemas tecnicos;T1;AG_002;87;3.4;1.0;4.4;0.5;1;1;9
CC_00074;1/01/2026;2026-01;9:35:16;Mexico;CUST_ME_4007;Promociones y descuentos;T1;AG_002;167;3.0;0.5;3.5;0.4;5;1;10
CC_00075;1/01/2026;2026-01;9:35:50;Chile;CUST_CH_7135;Gestion de suscripcion;T1;AG_004;175;4.4;0.7;5.1;0.7;5;1;9
CC_00076;1/01/2026;2026-01;9:43:10;Colombia;CUST_CO_7021;Gestion de suscripcion;T1;AG_002;81;1.6;0.4;2.0;0.7;2;1;10
CC_00077;1/01/2026;2026-01;9:46:13;Colombia;CUST_CO_8423;Acceso y cuenta;T1;AG_003;30;1.1;0.4;1.5;0.5;5;1;9
CC_00078;1/01/2026;2026-01;9:51:55;Chile;CUST_CH_3745;Problemas tecnicos;T1;AG_003;90;5.1;1.5;6.6;0.5;2;1;10
CC_00079;1/01/2026;2026-01;9:55:13;Mexico;CUST_ME_3058;Gestion de suscripcion;T1;AG_004;26;2.1;0.7;2.8;0.5;5;0;9
CC_00080;1/01/2026;2026-01;10:01:49;Mexico;CUST_ME_4649;Acceso y cuenta;T1;AG_008;124;4.9;1.3;6.2;0.4;5;1;10
CC_00081;1/01/2026;2026-01;10:04:17;Mexico;CUST_ME_3943;Acceso y cuenta;T1;AG_003;140;4.7;0.7;5.4;0.5;4;1;9
CC_00082;1/01/2026;2026-01;10:04:40;Colombia;CUST_CO_9423;Promociones y descuentos;T1;AG_004;148;5.2;0.8;6.0;0.4;5;1;10
CC_00083;1/01/2026;2026-01;10:08:14;Mexico;CUST_ME_7271;Promociones y descuentos;T2;AG_008;11;4.4;1.1;5.5;0.4;3;1;9
CC_00084;1/01/2026;2026-01;10:11:17;Mexico;CUST_ME_9909;Gestion de suscripcion;T1;AG_007;179;3.2;0.4;3.6;0.6;5;1;10
CC_00085;1/01/2026;2026-01;10:15:18;Mexico;CUST_ME_2195;Acceso y cuenta;T1;AG_008;39;7.1;1.0;8.1;0.5;4;1;9
CC_00086;1/01/2026;2026-01;10:15:47;Mexico;CUST_ME_5987;Acceso y cuenta;T1;AG_004;171;8.9;1.6;10.5;0.7;5;1;9
CC_00087;1/01/2026;2026-01;10:17:21;Mexico;CUST_ME_9641;Acceso y cuenta;T2;AG_006;46;5.1;1.7;6.8;0.6;2;1;9
CC_00088;1/01/2026;2026-01;10:19:22;Mexico;CUST_ME_8719;Gestion de suscripcion;T1;AG_004;115;1.9;0.4;2.3;0.3;5;1;10
CC_00089;1/01/2026;2026-01;10:19:44;Chile;CUST_CH_4441;Acceso y cuenta;T1;AG_007;171;1.4;0.4;1.8;0.6;3;1;10
CC_00090;1/01/2026;2026-01;10:20:14;Mexico;CUST_ME_1656;Problemas tecnicos;T2;AG_004;178;3.8;0.9;4.7;0.3;3;1;9
CC_00091;1/01/2026;2026-01;10:22:31;Venezuela;CUST_VE_5805;Problemas tecnicos;T2;AG_006;76;4.5;0.6;5.1;0.8;2;1;5
CC_00092;1/01/2026;2026-01;10:25:34;Colombia;CUST_CO_6676;Gestion de suscripcion;T1;AG_006;174;8.2;1.9;10.1;0.6;5;1;9
CC_00093;1/01/2026;2026-01;10:26:41;Mexico;CUST_ME_9106;Problemas tecnicos;T1;AG_003;148;4.0;1.0;5.0;0.4;1;0;10
CC_00094;1/01/2026;2026-01;10:27:03;Colombia;CUST_CO_9695;Acceso y cuenta;T1;AG_007;31;1.5;0.4;1.9;0.5;5;1;9
CC_00095;1/01/2026;2026-01;10:28:03;Mexico;CUST_ME_4100;Promociones y descuentos;T1;AG_003;86;1.2;0.4;1.6;0.8;3;1;9
CC_00096;1/01/2026;2026-01;10:29:40;Mexico;CUST_ME_2294;Gestion de suscripcion;T1;AG_002;79;4.2;0.5;4.7;0.5;1;0;9
CC_00097;1/01/2026;2026-01;10:30:52;Colombia;CUST_CO_5122;Promociones y descuentos;T2;AG_002;65;7.5;1.1;8.6;0.7;3;1;9
CC_00098;1/01/2026;2026-01;10:31:30;Mexico;CUST_ME_2258;Problemas tecnicos;T2;AG_006;106;5.2;0.8;6.0;0.6;1;1;1
CC_00099;1/01/2026;2026-01;10:34:26;Mexico;CUST_ME_7931;Problemas tecnicos;T1;AG_008;175;5.7;0.8;6.5;0.7;1;1;1
CC_00100;1/01/2026;2026-01;10:36:40;Argentina;CUST_AR_4520;Acceso y cuenta;T1;AG_007;169;2.9;1.0;3.9;0.7;4;0;9
CC_00101;1/01/2026;2026-01;10:39:08;Mexico;CUST_ME_3190;Acceso y cuenta;T2;AG_002;111;3.8;1.0;4.8;0.3;4;0;9
CC_00102;1/01/2026;2026-01;10:44:10;Peru;CUST_PE_1200;Acceso y cuenta;T1;AG_006;169;1.1;0.3;1.4;0.5;4;0;6
CC_00103;1/01/2026;2026-01;10:49:16;Mexico;CUST_ME_7646;Acceso y cuenta;T1;AG_006;162;1.7;0.3;2.0;0.3;4;0;10
CC_00104;1/01/2026;2026-01;10:53:40;Argentina;CUST_AR_3507;Acceso y cuenta;T2;AG_002;119;1.3;0.2;1.5;0.6;3;1;9
CC_00105;1/01/2026;2026-01;10:54:39;Argentina;CUST_AR_4423;Gestion de suscripcion;T2;AG_008;55;3.4;0.5;3.9;0.7;5;0;9
CC_00106;1/01/2026;2026-01;10:54:54;Mexico;CUST_ME_9439;Acceso y cuenta;T1;AG_006;130;1.4;0.2;1.6;0.3;5;1;10
CC_00107;1/01/2026;2026-01;10:55:25;Colombia;CUST_CO_9152;Acceso y cuenta;T1;AG_008;180;5.3;1.4;6.7;0.7;4;0;10
CC_00108;1/01/2026;2026-01;10:56:51;Venezuela;CUST_VE_3861;Problemas tecnicos;T1;AG_007;145;2.1;0.4;2.5;0.4;1;1;1
CC_00109;1/01/2026;2026-01;10:57:51;Mexico;CUST_ME_3966;Problemas tecnicos;T1;AG_002;161;2.8;0.6;3.4;0.4;2;1;9
CC_00110;1/01/2026;2026-01;10:58:15;Argentina;CUST_AR_6507;Problemas tecnicos;T2;AG_003;172;1.7;0.2;1.9;0.8;4;1;10
CC_00111;1/01/2026;2026-01;10:58:46;Mexico;CUST_ME_8686;Problemas tecnicos;T2;AG_006;18;5.9;0.8;6.7;0.5;4;0;10
CC_00112;1/01/2026;2026-01;10:59:30;Mexico;CUST_ME_3205;Promociones y descuentos;T1;AG_003;173;3.8;0.7;4.5;0.6;5;0;9
CC_00113;1/01/2026;2026-01;11:01:00;Colombia;CUST_CO_1472;Gestion de suscripcion;T2;AG_004;76;4.1;1.2;5.3;0.6;4;1;10
CC_00114;1/01/2026;2026-01;11:02:35;Mexico;CUST_ME_7400;Gestion de suscripcion;T2;AG_002;19;2.9;0.4;3.3;0.8;5;0;9
CC_00115;1/01/2026;2026-01;11:02:36;Mexico;CUST_ME_3294;Promociones y descuentos;T1;AG_004;77;2.8;0.3;3.1;0.6;5;1;9
CC_00116;1/01/2026;2026-01;11:04:21;Colombia;CUST_CO_5729;Acceso y cuenta;T1;AG_004;71;1.4;0.2;1.6;0.7;4;1;10
CC_00117;1/01/2026;2026-01;11:08:21;Argentina;CUST_AR_7010;Promociones y descuentos;T1;AG_007;50;4.7;0.9;5.6;0.4;3;1;10
CC_00118;1/01/2026;2026-01;11:08:36;Argentina;CUST_AR_2728;Gestion de suscripcion;T2;AG_002;84;9.5;2.2;11.7;0.3;4;1;9
CC_00119;1/01/2026;2026-01;11:10:16;Argentina;CUST_AR_1014;Problemas tecnicos;T1;AG_004;83;3.3;0.4;3.7;0.8;3;1;9
CC_00120;1/01/2026;2026-01;11:10:48;Mexico;CUST_ME_8094;Problemas tecnicos;T1;AG_006;23;2.7;0.3;3.0;0.6;5;0;9
CC_00121;1/01/2026;2026-01;11:11:13;Argentina;CUST_AR_3686;Gestion de suscripcion;T2;AG_003;11;5.0;1.3;6.3;0.4;5;1;9
CC_00122;1/01/2026;2026-01;11:12:02;Chile;CUST_CH_8123;Promociones y descuentos;T2;AG_006;156;2.0;0.5;2.5;0.5;4;0;9
CC_00123;1/01/2026;2026-01;11:13:07;Colombia;CUST_CO_8471;Gestion de suscripcion;T2;AG_007;130;1.5;0.3;1.8;0.4;4;1;10
CC_00124;1/01/2026;2026-01;11:15:03;Colombia;CUST_CO_1218;Acceso y cuenta;T2;AG_003;98;5.0;1.5;6.5;0.8;5;0;9
CC_00125;1/01/2026;2026-01;11:16:34;Argentina;CUST_AR_2634;Problemas tecnicos;T1;AG_003;179;1.1;0.3;1.4;0.6;4;1;9
CC_00126;1/01/2026;2026-01;11:16:55;Mexico;CUST_ME_6474;Problemas tecnicos;T2;AG_008;37;1.3;0.3;1.6;0.6;5;1;10
CC_00127;1/01/2026;2026-01;11:17:15;Argentina;CUST_AR_7304;Gestion de suscripcion;T2;AG_002;169;1.3;0.3;1.6;0.7;4;1;7
CC_00128;1/01/2026;2026-01;11:18:28;Mexico;CUST_ME_6440;Problemas tecnicos;T2;AG_002;43;2.8;0.8;3.6;0.4;4;1;9
CC_00129;1/01/2026;2026-01;11:18:50;Mexico;CUST_ME_7740;Promociones y descuentos;T1;AG_007;41;7.0;1.8;8.8;0.3;5;1;10
CC_00130;1/01/2026;2026-01;11:21:04;Mexico;CUST_ME_8848;Gestion de suscripcion;T2;AG_003;41;5.4;0.9;6.3;0.4;5;1;9
CC_00131;1/01/2026;2026-01;11:21:30;Mexico;CUST_ME_9327;Problemas tecnicos;T1;AG_004;20;1.3;0.3;1.6;0.7;3;1;4
CC_00132;1/01/2026;2026-01;11:21:51;Argentina;CUST_AR_6920;Promociones y descuentos;T2;AG_002;42;5.6;0.8;6.4;0.8;4;1;10
CC_00133;1/01/2026;2026-01;11:24:17;Mexico;CUST_ME_4667;Promociones y descuentos;T1;AG_008;41;1.2;0.3;1.5;0.3;4;1;7
CC_00134;1/01/2026;2026-01;11:25:01;Argentina;CUST_AR_6651;Acceso y cuenta;T1;AG_004;122;0.8;0.2;1.0;0.4;4;0;10
CC_00135;1/01/2026;2026-01;11:25:57;Mexico;CUST_ME_9608;Acceso y cuenta;T2;AG_006;103;8.9;1.1;10.0;0.4;4;1;9
CC_00136;1/01/2026;2026-01;11:26:14;Mexico;CUST_ME_9314;Gestion de suscripcion;T1;AG_008;163;2.1;0.5;2.6;0.3;2;1;9
CC_00137;1/01/2026;2026-01;11:29:15;Mexico;CUST_ME_3325;Promociones y descuentos;T2;AG_007;83;9.4;2.2;11.6;0.4;2;1;4
CC_00138;1/01/2026;2026-01;11:29:37;Colombia;CUST_CO_7460;Acceso y cuenta;T2;AG_006;62;2.6;0.8;3.4;0.4;3;1;10
CC_00139;1/01/2026;2026-01;11:30:09;Colombia;CUST_CO_9116;Problemas tecnicos;T1;AG_002;100;4.1;1.0;5.1;0.7;2;0;9
CC_00140;1/01/2026;2026-01;11:31:46;Mexico;CUST_ME_3326;Acceso y cuenta;T2;AG_008;123;4.0;1.2;5.2;0.3;2;1;9
CC_00141;1/01/2026;2026-01;11:32:01;Colombia;CUST_CO_4642;Gestion de suscripcion;T1;AG_008;167;2.3;0.6;2.9;0.6;5;1;8
CC_00142;1/01/2026;2026-01;11:33:20;Mexico;CUST_ME_8685;Acceso y cuenta;T2;AG_002;33;4.6;0.7;5.3;0.5;3;1;9
CC_00143;1/01/2026;2026-01;11:36:59;Argentina;CUST_AR_8070;Problemas tecnicos;T2;AG_006;55;3.6;1.1;4.7;0.6;4;1;9
CC_00144;1/01/2026;2026-01;11:38:04;Mexico;CUST_ME_3937;Acceso y cuenta;T1;AG_008;38;3.8;0.8;4.6;0.7;4;1;10
CC_00145;1/01/2026;2026-01;11:38:20;Mexico;CUST_ME_6515;Gestion de suscripcion;T2;AG_003;84;4.0;1.0;5.0;0.4;5;1;8
CC_00146;1/01/2026;2026-01;11:38:25;Chile;CUST_CH_4759;Problemas tecnicos;T2;AG_002;61;1.2;0.2;1.4;0.6;3;0;10
CC_00147;1/01/2026;2026-01;11:40:21;Colombia;CUST_CO_9016;Gestion de suscripcion;T1;AG_006;157;3.0;0.8;3.8;0.7;3;0;9
CC_00148;1/01/2026;2026-01;11:40:59;Mexico;CUST_ME_5558;Acceso y cuenta;T1;AG_007;7;3.2;0.6;3.8;0.7;5;1;9
CC_00149;1/01/2026;2026-01;11:41:27;Republica Dominicana;CUST_RE_3553;Acceso y cuenta;T1;AG_006;119;4.0;0.7;4.7;0.5;5;1;9
CC_00150;1/01/2026;2026-01;11:42:40;Mexico;CUST_ME_7230;Acceso y cuenta;T1;AG_003;138;4.1;0.7;4.8;0.6;2;1;9
CC_00151;1/01/2026;2026-01;11:42:41;Mexico;CUST_ME_1124;Promociones y descuentos;T1;AG_002;125;2.0;0.6;2.6;0.6;4;1;9
CC_00152;1/01/2026;2026-01;11:42:43;Colombia;CUST_CO_9455;Acceso y cuenta;T2;AG_008;141;4.7;0.7;5.4;0.6;3;1;5
CC_00153;1/01/2026;2026-01;11:44:27;Mexico;CUST_ME_3713;Problemas tecnicos;T1;AG_004;158;3.7;0.6;4.3;0.4;3;0;9
CC_00154;1/01/2026;2026-01;11:44:59;Mexico;CUST_ME_2751;Promociones y descuentos;T1;AG_008;80;3.3;0.8;4.1;0.7;4;1;9
CC_00155;1/01/2026;2026-01;11:48:04;Mexico;CUST_ME_6742;Acceso y cuenta;T2;AG_003;15;2.0;0.3;2.3;0.3;5;1;9
CC_00156;1/01/2026;2026-01;11:50:01;Colombia;CUST_CO_5127;Problemas tecnicos;T2;AG_002;70;2.4;0.4;2.8;0.7;4;1;9
CC_00157;1/01/2026;2026-01;11:50:06;Mexico;CUST_ME_5694;Problemas tecnicos;T1;AG_008;22;4.4;1.1;5.5;0.5;3;1;10
CC_00158;1/01/2026;2026-01;11:52:14;Costa Rica;CUST_CO_6690;Problemas tecnicos;T2;AG_007;145;1.0;0.2;1.2;0.5;2;0;9
CC_00159;1/01/2026;2026-01;11:52:18;Argentina;CUST_AR_4233;Acceso y cuenta;T2;AG_003;101;4.9;1.6;6.5;0.4;5;1;10
CC_00160;1/01/2026;2026-01;11:56:37;Mexico;CUST_ME_1140;Problemas tecnicos;T1;AG_008;148;10.4;1.5;11.9;0.3;3;0;4
CC_00161;1/01/2026;2026-01;11:58:26;Mexico;CUST_ME_5824;Acceso y cuenta;T1;AG_003;166;3.6;0.9;4.5;0.6;5;1;9
CC_00162;1/01/2026;2026-01;11:59:27;Colombia;CUST_CO_1594;Gestion de suscripcion;T1;AG_002;60;5.6;1.0;6.6;0.6;3;1;10
CC_00163;1/01/2026;2026-01;12:00:03;Mexico;CUST_ME_1686;Problemas tecnicos;T2;AG_007;61;4.9;1.2;6.1;0.6;5;0;9
CC_00164;1/01/2026;2026-01;12:01:18;Mexico;CUST_ME_6971;Acceso y cuenta;T2;AG_004;121;6.6;1.7;8.3;0.3;3;1;7
CC_00165;1/01/2026;2026-01;12:01:35;Argentina;CUST_AR_6936;Problemas tecnicos;T1;AG_008;34;1.2;0.4;1.6;0.6;5;1;9
CC_00166;1/01/2026;2026-01;12:01:43;Mexico;CUST_ME_9232;Problemas tecnicos;T2;AG_004;23;4.9;1.4;6.3;0.6;2;1;10
CC_00167;1/01/2026;2026-01;12:01:46;Colombia;CUST_CO_9295;Gestion de suscripcion;T2;AG_007;20;7.9;2.0;9.9;0.6;4;1;10
CC_00168;1/01/2026;2026-01;12:04:27;Colombia;CUST_CO_7298;Problemas tecnicos;T2;AG_006;168;3.4;0.5;3.9;0.7;4;0;9
CC_00169;1/01/2026;2026-01;12:08:53;Colombia;CUST_CO_2741;Gestion de suscripcion;T1;AG_007;99;5.8;1.0;6.8;0.7;5;1;9
CC_00170;1/01/2026;2026-01;12:11:07;Ecuador;CUST_EC_6443;Gestion de suscripcion;T2;AG_007;16;2.2;0.6;2.8;0.8;5;0;9
CC_00171;1/01/2026;2026-01;12:12:50;Republica Dominicana;CUST_RE_4127;Problemas tecnicos;T1;AG_007;89;2.0;0.3;2.3;0.4;4;0;9
CC_00172;1/01/2026;2026-01;12:15:22;Mexico;CUST_ME_5247;Problemas tecnicos;T2;AG_002;145;2.3;0.3;2.6;0.8;5;0;9
CC_00173;1/01/2026;2026-01;12:16:06;Colombia;CUST_CO_7866;Problemas tecnicos;T2;AG_004;118;3.7;0.9;4.6;0.6;4;0;9
CC_00174;1/01/2026;2026-01;12:17:06;Mexico;CUST_ME_4242;Acceso y cuenta;T1;AG_004;132;1.5;0.4;1.9;0.7;2;1;4
CC_00175;1/01/2026;2026-01;12:17:11;Colombia;CUST_CO_8740;Problemas tecnicos;T1;AG_007;11;3.6;0.6;4.2;0.4;4;0;9
CC_00176;1/01/2026;2026-01;12:17:54;Colombia;CUST_CO_8584;Gestion de suscripcion;T2;AG_006;170;3.7;0.5;4.2;0.5;4;1;10
CC_00177;1/01/2026;2026-01;12:20:12;Mexico;CUST_ME_3145;Acceso y cuenta;T1;AG_006;89;4.9;1.5;6.4;0.6;4;1;10
CC_00178;1/01/2026;2026-01;12:22:12;Colombia;CUST_CO_7144;Problemas tecnicos;T1;AG_008;97;4.9;0.9;5.8;0.5;5;1;8
CC_00179;1/01/2026;2026-01;12:23:34;Ecuador;CUST_EC_9741;Problemas tecnicos;T2;AG_008;66;6.0;0.9;6.9;0.7;5;0;9
CC_00180;1/01/2026;2026-01;12:24:27;Mexico;CUST_ME_8180;Problemas tecnicos;T1;AG_003;102;2.1;0.4;2.5;0.6;4;0;9
CC_00181;1/01/2026;2026-01;12:24:31;Mexico;CUST_ME_3584;Acceso y cuenta;T1;AG_002;173;3.6;1.0;4.6;0.5;2;0;2
CC_00182;1/01/2026;2026-01;12:25:12;Chile;CUST_CH_6218;Problemas tecnicos;T1;AG_006;111;1.4;0.2;1.6;0.7;5;1;10
CC_00183;1/01/2026;2026-01;12:25:36;Mexico;CUST_ME_9566;Acceso y cuenta;T1;AG_004;157;3.8;1.1;4.9;0.6;4;1;10
CC_00184;1/01/2026;2026-01;12:27:39;Chile;CUST_CH_9538;Gestion de suscripcion;T1;AG_008;177;3.1;0.9;4.0;0.4;4;1;9
CC_00185;1/01/2026;2026-01;12:28:07;Colombia;CUST_CO_9846;Problemas tecnicos;T1;AG_003;175;5.5;1.0;6.5;0.7;4;1;7
CC_00186;1/01/2026;2026-01;12:28:58;Mexico;CUST_ME_1210;Gestion de suscripcion;T2;AG_002;174;1.3;0.2;1.5;0.7;4;1;9
CC_00187;1/01/2026;2026-01;12:32:52;Colombia;CUST_CO_5062;Acceso y cuenta;T2;AG_006;69;3.2;0.5;3.7;0.6;5;1;10
CC_00188;1/01/2026;2026-01;12:33:35;Argentina;CUST_AR_5414;Acceso y cuenta;T1;AG_008;20;1.6;0.5;2.1;0.4;3;1;10
CC_00189;1/01/2026;2026-01;12:38:41;Mexico;CUST_ME_3367;Gestion de suscripcion;T2;AG_007;93;1.3;0.3;1.6;0.7;4;1;9
CC_00190;1/01/2026;2026-01;12:40:18;Peru;CUST_PE_8888;Problemas tecnicos;T1;AG_008;65;1.3;0.2;1.5;0.6;4;0;7
CC_00191;1/01/2026;2026-01;12:40:52;Colombia;CUST_CO_9927;Problemas tecnicos;T2;AG_003;91;5.9;0.8;6.7;0.8;3;1;10
CC_00192;1/01/2026;2026-01;12:41:47;Mexico;CUST_ME_6329;Acceso y cuenta;T2;AG_002;19;2.7;0.8;3.5;0.4;3;1;9
CC_00193;1/01/2026;2026-01;12:41:55;Colombia;CUST_CO_8149;Gestion de suscripcion;T2;AG_003;119;4.3;1.2;5.5;0.4;5;1;9
CC_00194;1/01/2026;2026-01;12:43:16;Colombia;CUST_CO_5678;Acceso y cuenta;T1;AG_004;16;5.2;0.9;6.1;0.4;3;1;9
CC_00195;1/01/2026;2026-01;12:47:22;Mexico;CUST_ME_8401;Gestion de suscripcion;T2;AG_006;43;3.7;1.1;4.8;0.6;5;1;8
CC_00196;1/01/2026;2026-01;12:48:08;Colombia;CUST_CO_5974;Acceso y cuenta;T2;AG_004;161;0.9;0.2;1.1;0.5;2;0;10
CC_00197;1/01/2026;2026-01;12:48:20;Colombia;CUST_CO_6280;Gestion de suscripcion;T1;AG_007;146;1.7;0.4;2.1;0.4;5;1;10
CC_00198;1/01/2026;2026-01;12:51:09;Venezuela;CUST_VE_8690;Acceso y cuenta;T2;AG_004;167;4.5;0.8;5.3;0.6;5;1;9
CC_00199;1/01/2026;2026-01;12:51:22;Bolivia;CUST_BO_1527;Acceso y cuenta;T2;AG_002;60;5.0;1.5;6.5;0.3;5;0;9
CC_00200;1/01/2026;2026-01;12:51:31;Chile;CUST_CH_3537;Gestion de suscripcion;T2;AG_004;91;1.8;0.3;2.1;0.4;2;1;10
CC_00201;1/01/2026;2026-01;12:52:54;Mexico;CUST_ME_8286;Gestion de suscripcion;T1;AG_007;162;5.7;0.9;6.6;0.3;4;1;9
CC_00202;1/01/2026;2026-01;12:54:39;Mexico;CUST_ME_7046;Problemas tecnicos;T2;AG_007;57;5.3;1.2;6.5;0.7;3;0;5
CC_00203;1/01/2026;2026-01;12:54:53;Ecuador;CUST_EC_1519;Promociones y descuentos;T2;AG_007;55;4.0;0.7;4.7;0.6;4;1;7
CC_00204;1/01/2026;2026-01;12:58:35;Argentina;CUST_AR_4091;Acceso y cuenta;T1;AG_003;88;7.2;1.6;8.8;0.5;4;1;9
CC_00205;1/01/2026;2026-01;12:59:39;Colombia;CUST_CO_4020;Gestion de suscripcion;T2;AG_006;109;5.1;1.3;6.4;0.4;5;1;9
CC_00206;1/01/2026;2026-01;13:01:13;Colombia;CUST_CO_6730;Problemas tecnicos;T1;AG_002;160;3.2;0.4;3.6;0.5;3;1;9
CC_00207;1/01/2026;2026-01;13:07:11;Mexico;CUST_ME_1962;Gestion de suscripcion;T1;AG_004;177;2.2;0.7;2.9;0.5;4;1;9
CC_00208;1/01/2026;2026-01;13:08:26;Argentina;CUST_AR_2496;Problemas tecnicos;T2;AG_008;54;5.1;1.0;6.1;0.6;3;1;10
CC_00209;1/01/2026;2026-01;13:09:15;Mexico;CUST_ME_7883;Gestion de suscripcion;T2;AG_004;103;9.2;1.9;11.1;0.6;3;1;6
CC_00210;1/01/2026;2026-01;13:10:18;Mexico;CUST_ME_9213;Problemas tecnicos;T2;AG_007;95;6.1;0.8;6.9;0.4;2;1;9
CC_00211;1/01/2026;2026-01;13:10:29;Colombia;CUST_CO_9576;Problemas tecnicos;T2;AG_003;64;2.3;0.7;3.0;0.3;4;0;10
CC_00212;1/01/2026;2026-01;13:10:50;Chile;CUST_CH_8379;Promociones y descuentos;T2;AG_002;94;9.6;1.1;10.7;0.7;5;0;9
CC_00213;1/01/2026;2026-01;13:11:01;Mexico;CUST_ME_5107;Promociones y descuentos;T1;AG_003;134;1.6;0.4;2.0;0.8;4;1;10
CC_00214;1/01/2026;2026-01;13:12:05;Argentina;CUST_AR_3284;Acceso y cuenta;T2;AG_002;116;2.2;0.5;2.7;0.3;5;1;9
CC_00215;1/01/2026;2026-01;13:15:12;Mexico;CUST_ME_8362;Acceso y cuenta;T2;AG_006;8;5.4;1.5;6.9;0.6;4;1;7
CC_00216;1/01/2026;2026-01;13:19:01;Venezuela;CUST_VE_7672;Problemas tecnicos;T1;AG_003;49;1.2;0.3;1.5;0.7;3;1;9
CC_00217;1/01/2026;2026-01;13:19:26;Argentina;CUST_AR_9937;Acceso y cuenta;T1;AG_007;28;4.9;1.3;6.2;0.8;2;1;4
CC_00218;1/01/2026;2026-01;13:20:02;Colombia;CUST_CO_1345;Problemas tecnicos;T2;AG_006;169;4.9;0.9;5.8;0.3;1;1;10
CC_00219;1/01/2026;2026-01;13:20:36;Argentina;CUST_AR_7761;Acceso y cuenta;T2;AG_003;138;1.3;0.2;1.5;0.5;1;1;9
CC_00220;1/01/2026;2026-01;13:21:07;Colombia;CUST_CO_1250;Problemas tecnicos;T1;AG_006;171;1.4;0.2;1.6;0.6;5;1;10
CC_00221;1/01/2026;2026-01;13:24:56;Colombia;CUST_CO_1457;Gestion de suscripcion;T2;AG_004;133;2.5;0.8;3.3;0.4;4;1;9
CC_00222;1/01/2026;2026-01;13:26:13;Colombia;CUST_CO_3088;Acceso y cuenta;T2;AG_004;77;1.4;0.3;1.7;0.3;4;1;9
CC_00223;1/01/2026;2026-01;13:29:34;Argentina;CUST_AR_7139;Acceso y cuenta;T1;AG_006;41;1.1;0.2;1.3;0.5;2;1;9
CC_00224;1/01/2026;2026-01;13:30:24;Mexico;CUST_ME_8871;Problemas tecnicos;T2;AG_006;86;1.6;0.2;1.8;0.7;3;0;5
CC_00225;1/01/2026;2026-01;13:30:28;Argentina;CUST_AR_9236;Problemas tecnicos;T1;AG_008;110;2.2;0.4;2.6;0.5;4;0;7
CC_00226;1/01/2026;2026-01;13:31:49;Mexico;CUST_ME_6809;Problemas tecnicos;T2;AG_007;89;7.9;1.8;9.7;0.8;3;0;5
CC_00227;1/01/2026;2026-01;13:32:00;Argentina;CUST_AR_6402;Promociones y descuentos;T1;AG_004;116;1.0;0.2;1.2;0.7;5;0;9
CC_00228;1/01/2026;2026-01;13:38:45;Argentina;CUST_AR_6558;Problemas tecnicos;T2;AG_004;102;4.4;0.8;5.2;0.5;4;0;9
CC_00229;1/01/2026;2026-01;13:39:58;Argentina;CUST_AR_2156;Problemas tecnicos;T2;AG_003;116;1.0;0.2;1.2;0.3;3;1;5
CC_00230;1/01/2026;2026-01;13:40:01;El Salvador;CUST_EL_9274;Problemas tecnicos;T1;AG_008;5;1.9;0.5;2.4;0.3;4;1;10
CC_00231;1/01/2026;2026-01;13:40:42;Bolivia;CUST_BO_8591;Problemas tecnicos;T2;AG_004;90;5.8;1.1;6.9;0.4;5;1;10
CC_00232;1/01/2026;2026-01;13:47:23;Peru;CUST_PE_2201;Problemas tecnicos;T2;AG_002;81;6.0;0.7;6.7;0.6;2;0;3
CC_00233;1/01/2026;2026-01;13:49:20;Chile;CUST_CH_9833;Acceso y cuenta;T1;AG_007;53;2.1;0.6;2.7;0.6;4;1;10
CC_00234;1/01/2026;2026-01;13:50:10;Argentina;CUST_AR_8058;Acceso y cuenta;T2;AG_004;11;1.6;0.4;2.0;0.7;4;1;9
CC_00235;1/01/2026;2026-01;13:51:11;Mexico;CUST_ME_1491;Promociones y descuentos;T1;AG_004;106;1.6;0.3;1.9;0.3;4;0;9
CC_00236;1/01/2026;2026-01;13:51:54;Mexico;CUST_ME_8337;Acceso y cuenta;T1;AG_007;26;4.5;0.5;5.0;0.4;4;1;10
CC_00237;1/01/2026;2026-01;13:52:36;Mexico;CUST_ME_7939;Problemas tecnicos;T2;AG_006;89;2.5;0.6;3.1;0.7;3;0;10
CC_00238;1/01/2026;2026-01;13:54:30;Argentina;CUST_AR_8116;Acceso y cuenta;T2;AG_004;99;2.9;0.8;3.7;0.7;4;1;9
CC_00239;1/01/2026;2026-01;13:57:14;Mexico;CUST_ME_6255;Problemas tecnicos;T1;AG_008;56;3.1;0.4;3.5;0.5;4;1;10
CC_00240;1/01/2026;2026-01;13:58:28;Mexico;CUST_ME_6543;Acceso y cuenta;T1;AG_003;26;5.4;1.2;6.6;0.7;4;0;7
CC_00241;1/01/2026;2026-01;13:59:43;Argentina;CUST_AR_2611;Problemas tecnicos;T2;AG_003;56;4.7;1.2;5.9;0.8;3;0;10
CC_00242;1/01/2026;2026-01;14:02:22;Mexico;CUST_ME_2806;Acceso y cuenta;T3;AG_017;179;3.0;0.5;3.5;0.7;5;1;10
CC_00243;1/01/2026;2026-01;14:02:31;Argentina;CUST_AR_8470;Problemas tecnicos;T3;AG_010;65;3.0;0.4;3.4;0.4;3;0;9
CC_00244;1/01/2026;2026-01;14:02:51;Argentina;CUST_AR_1007;Problemas tecnicos;T3;AG_013;35;4.4;0.5;4.9;0.5;5;0;10
CC_00245;1/01/2026;2026-01;14:04:15;Mexico;CUST_ME_3484;Acceso y cuenta;T2;AG_010;77;4.5;1.1;5.6;0.6;3;1;5
CC_00246;1/01/2026;2026-01;14:04:32;Argentina;CUST_AR_1469;Problemas tecnicos;T2;AG_007;155;1.0;0.3;1.3;0.4;4;1;9
CC_00247;1/01/2026;2026-01;14:04:54;Mexico;CUST_ME_7838;Acceso y cuenta;T3;AG_012;124;5.1;1.6;6.7;0.5;3;0;9
CC_00248;1/01/2026;2026-01;14:06:14;Colombia;CUST_CO_7009;Problemas tecnicos;T3;AG_012;165;0.8;0.2;1.0;0.4;2;0;9
CC_00249;1/01/2026;2026-01;14:07:33;Uruguay;CUST_UR_7652;Acceso y cuenta;T2;AG_017;47;3.9;0.6;4.5;0.7;4;0;9
CC_00250;1/01/2026;2026-01;14:07:58;Argentina;CUST_AR_6916;Promociones y descuentos;T2;AG_010;49;4.7;0.5;5.2;0.6;1;1;9
CC_00251;1/01/2026;2026-01;14:08:41;Mexico;CUST_ME_5553;Acceso y cuenta;T3;AG_013;129;1.5;0.4;1.9;0.3;4;1;10
CC_00252;1/01/2026;2026-01;14:09:18;Peru;CUST_PE_5722;Problemas tecnicos;T3;AG_013;81;5.8;0.9;6.7;0.4;1;0;10
CC_00253;1/01/2026;2026-01;14:12:42;Colombia;CUST_CO_5475;Problemas tecnicos;T3;AG_010;147;3.7;1.0;4.7;0.3;2;1;10
CC_00254;1/01/2026;2026-01;14:13:04;Mexico;CUST_ME_3381;Promociones y descuentos;T3;AG_011;17;4.4;1.1;5.5;0.3;3;1;10
CC_00255;1/01/2026;2026-01;14:13:13;Mexico;CUST_ME_4943;Problemas tecnicos;T2;AG_015;136;4.2;0.8;5.0;0.5;5;1;9
CC_00256;1/01/2026;2026-01;14:13:17;Costa Rica;CUST_CO_1729;Acceso y cuenta;T3;AG_007;111;2.9;0.5;3.4;0.4;5;1;10
CC_00257;1/01/2026;2026-01;14:14:26;Mexico;CUST_ME_7504;Problemas tecnicos;T3;AG_011;167;5.1;1.3;6.4;0.6;2;0;10
CC_00258;1/01/2026;2026-01;14:14:28;Colombia;CUST_CO_7813;Gestion de suscripcion;T3;AG_010;109;5.1;0.7;5.8;0.7;4;1;10
CC_00259;1/01/2026;2026-01;14:15:06;Argentina;CUST_AR_7963;Gestion de suscripcion;T3;AG_006;56;3.7;1.1;4.8;0.5;3;1;6
CC_00260;1/01/2026;2026-01;14:15:46;Mexico;CUST_ME_8900;Promociones y descuentos;T3;AG_008;25;1.0;0.1;1.1;0.7;2;0;10
CC_00261;1/01/2026;2026-01;14:16:45;Guatemala;CUST_GU_4478;Problemas tecnicos;T2;AG_011;161;3.0;0.5;3.5;0.3;1;0;10
CC_00262;1/01/2026;2026-01;14:16:52;Mexico;CUST_ME_5536;Problemas tecnicos;T2;AG_017;131;2.3;0.5;2.8;0.3;3;1;5
CC_00263;1/01/2026;2026-01;14:17:10;Argentina;CUST_AR_2244;Problemas tecnicos;T3;AG_012;162;5.3;1.2;6.5;0.6;4;0;10
CC_00264;1/01/2026;2026-01;14:17:40;Republica Dominicana;CUST_RE_2108;Acceso y cuenta;T3;AG_015;108;4.1;0.6;4.7;0.7;2;1;9
CC_00265;1/01/2026;2026-01;14:17:41;Guatemala;CUST_GU_3289;Problemas tecnicos;T2;AG_010;38;1.4;0.4;1.8;0.8;1;0;10
CC_00266;1/01/2026;2026-01;14:18:05;Mexico;CUST_ME_8872;Promociones y descuentos;T3;AG_007;98;5.2;1.6;6.8;0.6;3;1;9
CC_00267;1/01/2026;2026-01;14:19:11;Colombia;CUST_CO_2656;Acceso y cuenta;T2;AG_012;132;4.7;0.6;5.3;0.7;2;1;9
CC_00268;1/01/2026;2026-01;14:19:37;Argentina;CUST_AR_2547;Acceso y cuenta;T2;AG_015;38;2.2;0.3;2.5;0.4;5;1;9
CC_00269;1/01/2026;2026-01;14:20:48;Republica Dominicana;CUST_RE_9088;Problemas tecnicos;T3;AG_007;132;1.4;0.2;1.6;0.6;3;0;9
CC_00270;1/01/2026;2026-01;14:21:02;Mexico;CUST_ME_5764;Problemas tecnicos;T3;AG_012;72;4.6;0.6;5.2;0.7;3;0;5
CC_00271;1/01/2026;2026-01;14:22:23;Chile;CUST_CH_8368;Gestion de suscripcion;T2;AG_012;72;8.9;1.3;10.2;0.5;5;1;9
CC_00272;1/01/2026;2026-01;14:22:56;Mexico;CUST_ME_8910;Problemas tecnicos;T3;AG_013;97;5.0;1.1;6.1;0.5;3;0;10
CC_00273;1/01/2026;2026-01;14:23:54;Argentina;CUST_AR_9734;Acceso y cuenta;T2;AG_015;164;2.3;0.4;2.7;0.7;3;1;9
CC_00274;1/01/2026;2026-01;14:24:06;Mexico;CUST_ME_4639;Problemas tecnicos;T3;AG_013;101;2.3;0.6;2.9;0.8;3;0;4
CC_00275;1/01/2026;2026-01;14:24:32;Chile;CUST_CH_3645;Acceso y cuenta;T3;AG_013;34;3.8;0.5;4.3;0.3;2;1;10
CC_00276;1/01/2026;2026-01;14:25:03;Colombia;CUST_CO_6625;Gestion de suscripcion;T3;AG_012;71;3.9;0.7;4.6;0.4;4;0;9
CC_00277;1/01/2026;2026-01;14:25:43;Colombia;CUST_CO_9928;Gestion de suscripcion;T3;AG_012;58;2.3;0.6;2.9;0.6;4;1;10
CC_00278;1/01/2026;2026-01;14:28:02;Mexico;CUST_ME_1176;Problemas tecnicos;T3;AG_010;166;3.4;0.9;4.3;0.4;3;1;9
CC_00279;1/01/2026;2026-01;14:28:30;Colombia;CUST_CO_4400;Problemas tecnicos;T2;AG_017;113;4.5;0.9;5.4;0.8;5;1;7
CC_00280;1/01/2026;2026-01;14:29:44;Mexico;CUST_ME_2546;Problemas tecnicos;T3;AG_007;21;1.2;0.2;1.4;0.7;1;1;10
CC_00281;1/01/2026;2026-01;14:30:47;Argentina;CUST_AR_2209;Acceso y cuenta;T3;AG_015;148;3.8;0.5;4.3;0.6;3;1;5
CC_00282;1/01/2026;2026-01;14:31:05;Mexico;CUST_ME_5385;Acceso y cuenta;T2;AG_013;11;5.0;1.6;6.6;0.7;3;0;9
CC_00283;1/01/2026;2026-01;14:31:16;Mexico;CUST_ME_3451;Problemas tecnicos;T3;AG_007;5;2.9;0.4;3.3;0.7;1;1;1
CC_00284;1/01/2026;2026-01;14:31:28;Mexico;CUST_ME_3766;Acceso y cuenta;T3;AG_011;71;5.4;1.5;6.9;0.5;1;1;10
CC_00285;1/01/2026;2026-01;14:31:54;Argentina;CUST_AR_3909;Acceso y cuenta;T2;AG_013;86;1.1;0.3;1.4;0.7;5;0;10
CC_00286;1/01/2026;2026-01;14:32:20;Panama;CUST_PA_5532;Problemas tecnicos;T3;AG_012;159;5.1;1.3;6.4;0.4;3;1;9
CC_00287;1/01/2026;2026-01;14:32:46;Mexico;CUST_ME_8377;Acceso y cuenta;T3;AG_010;108;4.2;0.7;4.9;0.7;3;1;10
CC_00288;1/01/2026;2026-01;14:32:59;Mexico;CUST_ME_2678;Problemas tecnicos;T3;AG_012;88;6.9;1.5;8.4;0.5;3;1;7
CC_00289;1/01/2026;2026-01;14:33:06;Mexico;CUST_ME_3050;Problemas tecnicos;T3;AG_008;113;1.4;0.4;1.8;0.6;1;1;4
CC_00290;1/01/2026;2026-01;14:36:16;Colombia;CUST_CO_5603;Problemas tecnicos;T2;AG_010;30;8.1;2.2;10.3;0.7;3;0;10
CC_00291;1/01/2026;2026-01;14:36:29;Mexico;CUST_ME_1564;Acceso y cuenta;T2;AG_013;19;8.2;1.6;9.8;0.7;1;1;10
CC_00292;1/01/2026;2026-01;14:37:21;Argentina;CUST_AR_9591;Problemas tecnicos;T3;AG_015;116;5.2;0.7;5.9;0.7;3;1;6
CC_00293;1/01/2026;2026-01;14:38:09;Mexico;CUST_ME_7997;Acceso y cuenta;T2;AG_015;150;2.9;0.3;3.2;0.4;2;1;10
CC_00294;1/01/2026;2026-01;14:38:28;Mexico;CUST_ME_5609;Promociones y descuentos;T2;AG_011;180;2.2;0.6;2.8;0.6;5;0;9
CC_00295;1/01/2026;2026-01;14:39:33;Venezuela;CUST_VE_2092;Gestion de suscripcion;T3;AG_013;127;4.2;1.2;5.4;0.5;4;0;10
CC_00296;1/01/2026;2026-01;14:41:15;Argentina;CUST_AR_6232;Promociones y descuentos;T3;AG_007;29;3.7;1.1;4.8;0.6;4;1;10
CC_00297;1/01/2026;2026-01;14:42:57;Bolivia;CUST_BO_2393;Problemas tecnicos;T3;AG_008;83;2.7;0.8;3.5;0.5;4;1;9
CC_00298;1/01/2026;2026-01;14:43:11;Uruguay;CUST_UR_2826;Problemas tecnicos;T3;AG_011;17;4.0;0.6;4.6;0.5;4;1;10
CC_00299;1/01/2026;2026-01;14:45:43;Mexico;CUST_ME_6569;Acceso y cuenta;T3;AG_017;27;3.2;0.9;4.1;0.5;3;1;5
CC_00300;1/01/2026;2026-01;14:46:54;Mexico;CUST_ME_9777;Acceso y cuenta;T3;AG_012;47;7.4;1.7;9.1;0.5;3;0;9
CC_00301;1/01/2026;2026-01;14:47:45;Mexico;CUST_ME_7683;Problemas tecnicos;T3;AG_013;148;3.4;0.7;4.1;0.4;3;0;6
CC_00302;1/01/2026;2026-01;14:49:09;Colombia;CUST_CO_2540;Problemas tecnicos;T2;AG_017;167;1.3;0.4;1.7;0.6;2;0;9
CC_00303;1/01/2026;2026-01;14:52:42;Mexico;CUST_ME_7186;Gestion de suscripcion;T3;AG_013;70;1.4;0.5;1.9;0.7;2;0;10
CC_00304;1/01/2026;2026-01;14:53:08;Mexico;CUST_ME_1532;Problemas tecnicos;T2;AG_017;117;2.7;0.7;3.4;0.3;3;0;9
CC_00305;1/01/2026;2026-01;14:53:21;Mexico;CUST_ME_4109;Acceso y cuenta;T2;AG_015;13;4.5;0.6;5.1;0.8;5;1;9
CC_00306;1/01/2026;2026-01;14:54:04;Mexico;CUST_ME_2814;Problemas tecnicos;T3;AG_007;27;4.3;1.0;5.3;0.5;2;0;9
CC_00307;1/01/2026;2026-01;14:54:31;Mexico;CUST_ME_6771;Problemas tecnicos;T3;AG_012;103;2.9;0.9;3.8;0.4;3;1;9
CC_00308;1/01/2026;2026-01;14:55:30;Argentina;CUST_AR_9706;Gestion de suscripcion;T3;AG_015;132;7.2;0.9;8.1;0.8;3;0;10
CC_00309;1/01/2026;2026-01;14:56:23;Mexico;CUST_ME_3135;Acceso y cuenta;T3;AG_012;174;3.0;0.6;3.6;0.7;3;1;9
CC_00310;1/01/2026;2026-01;14:56:24;Colombia;CUST_CO_1577;Promociones y descuentos;T3;AG_011;37;4.9;1.5;6.4;0.7;5;1;9
CC_00311;1/01/2026;2026-01;14:57:49;Mexico;CUST_ME_1299;Problemas tecnicos;T2;AG_010;112;5.4;1.0;6.4;0.6;3;1;10
CC_00312;1/01/2026;2026-01;14:57:59;Mexico;CUST_ME_5997;Gestion de suscripcion;T3;AG_015;21;1.5;0.2;1.7;0.5;5;1;10
CC_00313;1/01/2026;2026-01;14:58:11;Colombia;CUST_CO_3376;Problemas tecnicos;T3;AG_007;92;4.2;1.2;5.4;0.7;3;1;6
CC_00314;1/01/2026;2026-01;14:59:34;Colombia;CUST_CO_7987;Promociones y descuentos;T3;AG_011;5;2.6;0.6;3.2;0.7;4;1;9
CC_00315;1/01/2026;2026-01;15:01:17;Argentina;CUST_AR_8281;Problemas tecnicos;T2;AG_015;123;1.8;0.5;2.3;0.4;5;0;9
CC_00316;1/01/2026;2026-01;15:02:10;Argentina;CUST_AR_8244;Problemas tecnicos;T3;AG_011;16;4.4;1.3;5.7;0.3;1;0;9
CC_00317;1/01/2026;2026-01;15:02:33;Mexico;CUST_ME_4073;Problemas tecnicos;T3;AG_006;72;1.5;0.3;1.8;0.4;5;1;9
CC_00318;1/01/2026;2026-01;15:03:08;Republica Dominicana;CUST_RE_1073;Acceso y cuenta;T2;AG_008;92;1.9;0.6;2.5;0.5;5;1;8
CC_00319;1/01/2026;2026-01;15:04:22;Republica Dominicana;CUST_RE_6940;Gestion de suscripcion;T3;AG_017;61;4.2;0.5;4.7;0.5;4;1;10
CC_00320;1/01/2026;2026-01;15:04:59;Argentina;CUST_AR_9650;Acceso y cuenta;T3;AG_011;167;1.1;0.2;1.3;0.6;4;1;7
CC_00321;1/01/2026;2026-01;15:05:10;Argentina;CUST_AR_9641;Problemas tecnicos;T2;AG_006;14;1.8;0.3;2.1;0.5;3;1;9
CC_00322;1/01/2026;2026-01;15:05:10;Chile;CUST_CH_2355;Acceso y cuenta;T3;AG_017;80;4.6;0.8;5.4;0.4;5;1;10
CC_00323;1/01/2026;2026-01;15:05:14;Argentina;CUST_AR_6597;Acceso y cuenta;T2;AG_012;174;3.6;0.5;4.1;0.4;5;1;9
CC_00324;1/01/2026;2026-01;15:05:58;Argentina;CUST_AR_7760;Acceso y cuenta;T2;AG_008;98;5.3;1.7;7.0;0.8;2;1;10
CC_00325;1/01/2026;2026-01;15:07:04;Mexico;CUST_ME_9426;Acceso y cuenta;T3;AG_017;25;8.2;1.1;9.3;0.5;1;1;2
CC_00326;1/01/2026;2026-01;15:08:07;Mexico;CUST_ME_1093;Gestion de suscripcion;T3;AG_007;153;2.9;0.4;3.3;0.3;4;1;10
CC_00327;1/01/2026;2026-01;15:08:21;Mexico;CUST_ME_7043;Problemas tecnicos;T3;AG_015;71;4.1;0.9;5.0;0.4;4;1;9
CC_00328;1/01/2026;2026-01;15:09:22;Mexico;CUST_ME_1835;Gestion de suscripcion;T3;AG_011;30;2.0;0.5;2.5;0.8;5;1;9
CC_00329;1/01/2026;2026-01;15:09:36;Panama;CUST_PA_4064;Problemas tecnicos;T2;AG_013;6;4.9;1.3;6.2;0.3;3;1;10
CC_00330;1/01/2026;2026-01;15:09:49;Bolivia;CUST_BO_4297;Problemas tecnicos;T3;AG_007;117;5.3;0.7;6.0;0.4;5;1;8
CC_00331;1/01/2026;2026-01;15:10:14;Mexico;CUST_ME_7442;Promociones y descuentos;T2;AG_007;155;0.8;0.2;1.0;0.5;4;0;9
CC_00332;1/01/2026;2026-01;15:12:06;Mexico;CUST_ME_8935;Problemas tecnicos;T2;AG_006;56;3.0;0.4;3.4;0.4;5;0;9
CC_00333;1/01/2026;2026-01;15:12:43;Colombia;CUST_CO_6567;Promociones y descuentos;T3;AG_011;26;1.7;0.5;2.2;0.5;4;1;8
CC_00334;1/01/2026;2026-01;15:13:20;Mexico;CUST_ME_2409;Promociones y descuentos;T3;AG_012;139;2.7;0.5;3.2;0.3;3;1;9
CC_00335;1/01/2026;2026-01;15:13:35;Colombia;CUST_CO_5510;Promociones y descuentos;T3;AG_013;174;4.3;0.7;5.0;0.6;4;1;9
CC_00336;1/01/2026;2026-01;15:15:44;Mexico;CUST_ME_5934;Problemas tecnicos;T2;AG_007;15;1.6;0.4;2.0;0.7;3;1;9
CC_00337;1/01/2026;2026-01;15:16:08;Colombia;CUST_CO_7687;Acceso y cuenta;T3;AG_013;170;4.7;1.4;6.1;0.7;4;1;9
CC_00338;1/01/2026;2026-01;15:17:02;Colombia;CUST_CO_2185;Gestion de suscripcion;T3;AG_015;14;3.2;0.4;3.6;0.6;2;0;9
CC_00339;1/01/2026;2026-01;15:17:05;Mexico;CUST_ME_9582;Gestion de suscripcion;T3;AG_012;176;3.9;0.8;4.7;0.4;4;1;10
CC_00340;1/01/2026;2026-01;15:17:20;Argentina;CUST_AR_9850;Problemas tecnicos;T2;AG_007;32;5.1;1.3;6.4;0.3;4;1;6
CC_00341;1/01/2026;2026-01;15:20:14;Mexico;CUST_ME_1936;Acceso y cuenta;T2;AG_007;8;4.8;1.1;5.9;0.8;5;0;8
CC_00342;1/01/2026;2026-01;15:20:26;Argentina;CUST_AR_3927;Problemas tecnicos;T2;AG_011;84;5.2;0.9;6.1;0.6;3;1;9
CC_00343;1/01/2026;2026-01;15:21:38;Mexico;CUST_ME_1634;Acceso y cuenta;T3;AG_013;178;5.3;0.6;5.9;0.6;5;1;10
CC_00344;1/01/2026;2026-01;15:21:52;Mexico;CUST_ME_7566;Problemas tecnicos;T3;AG_007;7;2.0;0.2;2.2;0.5;1;1;10
CC_00345;1/01/2026;2026-01;15:22:13;Mexico;CUST_ME_7863;Acceso y cuenta;T2;AG_013;54;6.0;1.0;7.0;0.3;3;0;10
CC_00346;1/01/2026;2026-01;15:23:09;Mexico;CUST_ME_5734;Problemas tecnicos;T3;AG_013;105;1.7;0.5;2.2;0.3;3;1;9
CC_00347;1/01/2026;2026-01;15:23:23;Mexico;CUST_ME_6971;Acceso y cuenta;T2;AG_017;126;2.4;0.8;3.2;0.6;4;1;9
CC_00348;1/01/2026;2026-01;15:23:30;Ecuador;CUST_EC_7718;Promociones y descuentos;T3;AG_010;110;4.3;0.6;4.9;0.8;5;1;9
CC_00349;1/01/2026;2026-01;15:24:09;Mexico;CUST_ME_3287;Problemas tecnicos;T2;AG_011;115;4.6;0.7;5.3;0.7;3;0;10
CC_00350;1/01/2026;2026-01;15:24:36;Mexico;CUST_ME_9091;Gestion de suscripcion;T3;AG_015;81;8.6;1.2;9.8;0.7;2;1;10
CC_00351;1/01/2026;2026-01;15:25:15;Mexico;CUST_ME_4933;Problemas tecnicos;T2;AG_012;157;6.9;2.0;8.9;0.5;5;1;9
CC_00352;1/01/2026;2026-01;15:26:00;Chile;CUST_CH_3890;Problemas tecnicos;T3;AG_017;143;5.6;1.2;6.8;0.5;3;1;9
CC_00353;1/01/2026;2026-01;15:26:29;Argentina;CUST_AR_8600;Problemas tecnicos;T3;AG_013;75;4.0;0.8;4.8;0.4;5;0;9
CC_00354;1/01/2026;2026-01;15:26:45;Mexico;CUST_ME_6174;Acceso y cuenta;T2;AG_013;84;3.3;0.4;3.7;0.5;1;1;10
CC_00355;1/01/2026;2026-01;15:27:00;Argentina;CUST_AR_4769;Problemas tecnicos;T3;AG_010;19;3.9;0.5;4.4;0.8;4;1;9
CC_00356;1/01/2026;2026-01;15:27:04;Colombia;CUST_CO_4759;Problemas tecnicos;T3;AG_011;149;6.0;0.9;6.9;0.7;5;0;9
CC_00357;1/01/2026;2026-01;15:28:41;Argentina;CUST_AR_6069;Promociones y descuentos;T3;AG_013;135;4.0;0.6;4.6;0.6;4;1;10
CC_00358;1/01/2026;2026-01;15:29:02;Mexico;CUST_ME_3821;Acceso y cuenta;T3;AG_008;179;4.2;0.6;4.8;0.6;5;1;9
CC_00359;1/01/2026;2026-01;15:30:33;Mexico;CUST_ME_7168;Gestion de suscripcion;T2;AG_015;20;8.1;1.5;9.6;0.4;4;0;8
CC_00360;1/01/2026;2026-01;15:31:46;Mexico;CUST_ME_6989;Acceso y cuenta;T3;AG_013;67;4.9;1.1;6.0;0.3;2;1;9
CC_00361;1/01/2026;2026-01;15:32:25;Chile;CUST_CH_8864;Promociones y descuentos;T3;AG_017;137;3.2;1.0;4.2;0.3;4;1;9
CC_00362;1/01/2026;2026-01;15:34:14;Mexico;CUST_ME_7259;Acceso y cuenta;T2;AG_012;97;10.1;1.2;11.3;0.8;4;0;10
CC_00363;1/01/2026;2026-01;15:35:28;Guatemala;CUST_GU_5676;Problemas tecnicos;T2;AG_015;63;5.4;1.5;6.9;0.6;3;0;6
CC_00364;1/01/2026;2026-01;15:35:45;El Salvador;CUST_EL_3010;Gestion de suscripcion;T3;AG_017;114;9.3;2.6;11.9;0.8;2;1;9
CC_00365;1/01/2026;2026-01;15:35:51;Mexico;CUST_ME_5841;Acceso y cuenta;T3;AG_008;169;4.2;0.5;4.7;0.7;2;1;10
CC_00366;1/01/2026;2026-01;15:37:00;Republica Dominicana;CUST_RE_2029;Problemas tecnicos;T3;AG_008;172;4.8;0.7;5.5;0.3;3;0;10
CC_00367;1/01/2026;2026-01;15:41:33;Colombia;CUST_CO_8956;Promociones y descuentos;T3;AG_007;169;2.9;0.4;3.3;0.5;5;1;9
CC_00368;1/01/2026;2026-01;15:42:02;Mexico;CUST_ME_6790;Problemas tecnicos;T3;AG_017;134;8.8;2.4;11.2;0.4;3;1;10
CC_00369;1/01/2026;2026-01;15:42:08;Colombia;CUST_CO_5392;Acceso y cuenta;T3;AG_015;7;4.3;1.3;5.6;0.7;5;1;9
CC_00370;1/01/2026;2026-01;15:42:09;Argentina;CUST_AR_6585;Problemas tecnicos;T3;AG_010;132;1.7;0.5;2.2;0.7;3;0;7
CC_00371;1/01/2026;2026-01;15:42:16;Paraguay;CUST_PA_8003;Acceso y cuenta;T3;AG_011;83;3.0;0.8;3.8;0.5;5;1;10
CC_00372;1/01/2026;2026-01;15:44:25;Colombia;CUST_CO_8060;Problemas tecnicos;T3;AG_017;28;2.9;0.6;3.5;0.4;4;1;9
CC_00373;1/01/2026;2026-01;15:44:54;Mexico;CUST_ME_6303;Acceso y cuenta;T3;AG_017;82;2.8;0.5;3.3;0.3;4;1;9
CC_00374;1/01/2026;2026-01;15:47:13;Chile;CUST_CH_1269;Problemas tecnicos;T2;AG_015;121;9.1;2.2;11.3;0.8;4;1;9
CC_00375;1/01/2026;2026-01;15:47:35;Argentina;CUST_AR_7268;Promociones y descuentos;T3;AG_011;7;0.9;0.3;1.2;0.3;3;1;9
CC_00376;1/01/2026;2026-01;15:48:04;Mexico;CUST_ME_9727;Problemas tecnicos;T3;AG_017;109;4.5;0.9;5.4;0.3;4;1;10
CC_00377;1/01/2026;2026-01;15:50:06;Mexico;CUST_ME_6884;Acceso y cuenta;T2;AG_015;145;4.1;0.8;4.9;0.3;5;0;10
CC_00378;1/01/2026;2026-01;15:52:36;Argentina;CUST_AR_1609;Problemas tecnicos;T3;AG_007;95;1.7;0.3;2.0;0.8;3;1;4
CC_00379;1/01/2026;2026-01;15:54:25;Mexico;CUST_ME_4045;Problemas tecnicos;T2;AG_013;56;1.2;0.4;1.6;0.3;2;0;9
CC_00380;1/01/2026;2026-01;15:55:36;Mexico;CUST_ME_1299;Problemas tecnicos;T2;AG_008;144;2.3;0.8;3.1;0.5;3;0;9
CC_00381;1/01/2026;2026-01;15:55:36;Argentina;CUST_AR_9969;Gestion de suscripcion;T3;AG_008;176;5.7;0.7;6.4;0.6;4;1;9
CC_00382;1/01/2026;2026-01;15:56:15;Mexico;CUST_ME_7716;Promociones y descuentos;T3;AG_012;48;1.9;0.3;2.2;0.4;5;1;9
CC_00383;1/01/2026;2026-01;15:57:37;Argentina;CUST_AR_7592;Gestion de suscripcion;T3;AG_017;74;3.0;0.8;3.8;0.5;4;1;7
CC_00384;1/01/2026;2026-01;15:58:15;Argentina;CUST_AR_6531;Problemas tecnicos;T3;AG_013;11;3.5;0.8;4.3;0.7;4;0;9
CC_00385;1/01/2026;2026-01;15:58:33;Mexico;CUST_ME_2018;Problemas tecnicos;T2;AG_006;97;5.5;0.9;6.4;0.5;3;1;9
CC_00386;1/01/2026;2026-01;15:58:50;Mexico;CUST_ME_4800;Problemas tecnicos;T2;AG_015;62;1.4;0.2;1.6;0.6;1;0;9
CC_00387;1/01/2026;2026-01;15:59:14;Chile;CUST_CH_5139;Problemas tecnicos;T2;AG_015;45;1.1;0.2;1.3;0.4;3;1;9
CC_00388;1/01/2026;2026-01;15:59:58;Argentina;CUST_AR_1987;Problemas tecnicos;T3;AG_007;75;5.1;1.5;6.6;0.7;3;1;9
CC_00389;1/01/2026;2026-01;16:00:08;Chile;CUST_CH_2291;Problemas tecnicos;T2;AG_013;83;9.3;2.5;11.8;0.3;4;0;9
CC_00390;1/01/2026;2026-01;16:00:28;Mexico;CUST_ME_3621;Problemas tecnicos;T3;AG_008;36;3.2;0.4;3.6;0.6;4;1;9
CC_00391;1/01/2026;2026-01;16:03:25;Peru;CUST_PE_7974;Promociones y descuentos;T3;AG_017;142;4.0;0.7;4.7;0.4;5;1;10
CC_00392;1/01/2026;2026-01;16:03:50;Mexico;CUST_ME_5880;Acceso y cuenta;T3;AG_017;150;3.7;1.0;4.7;0.7;2;1;3
CC_00393;1/01/2026;2026-01;16:06:02;Mexico;CUST_ME_2109;Problemas tecnicos;T3;AG_006;124;4.9;1.5;6.4;0.5;3;1;5
CC_00394;1/01/2026;2026-01;16:08:54;Colombia;CUST_CO_5411;Problemas tecnicos;T2;AG_017;162;3.1;1.0;4.1;0.6;5;1;10
CC_00395;1/01/2026;2026-01;16:09:38;Costa Rica;CUST_CO_3523;Acceso y cuenta;T3;AG_015;76;2.8;0.8;3.6;0.4;2;0;9
CC_00396;1/01/2026;2026-01;16:09:54;Mexico;CUST_ME_8272;Gestion de suscripcion;T3;AG_012;55;3.7;0.7;4.4;0.6;3;0;9
CC_00397;1/01/2026;2026-01;16:10:36;Mexico;CUST_ME_6103;Gestion de suscripcion;T3;AG_008;147;9.2;1.7;10.9;0.4;3;1;9
CC_00398;1/01/2026;2026-01;16:10:48;Argentina;CUST_AR_2302;Gestion de suscripcion;T2;AG_008;99;4.0;0.9;4.9;0.6;4;1;8
CC_00399;1/01/2026;2026-01;16:13:04;Mexico;CUST_ME_2703;Gestion de suscripcion;T2;AG_010;163;5.3;1.2;6.5;0.5;4;0;10
CC_00400;1/01/2026;2026-01;16:13:40;Mexico;CUST_ME_7037;Problemas tecnicos;T3;AG_013;95;4.1;1.3;5.4;0.8;1;1;10
CC_00401;1/01/2026;2026-01;16:14:35;Colombia;CUST_CO_6165;Problemas tecnicos;T3;AG_011;172;2.8;0.4;3.2;0.3;4;0;9
CC_00402;1/01/2026;2026-01;16:14:54;Bolivia;CUST_BO_6174;Problemas tecnicos;T3;AG_011;66;0.9;0.1;1.0;0.6;4;0;10
CC_00403;1/01/2026;2026-01;16:15:37;Mexico;CUST_ME_5108;Acceso y cuenta;T3;AG_017;95;4.2;0.9;5.1;0.6;3;0;9
CC_00404;1/01/2026;2026-01;16:16:22;Republica Dominicana;CUST_RE_5958;Acceso y cuenta;T2;AG_007;102;5.1;1.4;6.5;0.3;4;1;9
CC_00405;1/01/2026;2026-01;16:16:24;Mexico;CUST_ME_7810;Problemas tecnicos;T3;AG_012;35;1.9;0.3;2.2;0.5;4;1;9
CC_00406;1/01/2026;2026-01;16:17:09;Mexico;CUST_ME_2470;Problemas tecnicos;T3;AG_007;135;1.5;0.4;1.9;0.3;1;1;1
CC_00407;1/01/2026;2026-01;16:18:53;Mexico;CUST_ME_7542;Acceso y cuenta;T3;AG_010;7;5.0;0.9;5.9;0.4;3;0;9
CC_00408;1/01/2026;2026-01;16:19:14;Mexico;CUST_ME_4639;Problemas tecnicos;T2;AG_017;167;3.9;0.9;4.8;0.3;2;0;9
CC_00409;1/01/2026;2026-01;16:19:46;Mexico;CUST_ME_2245;Problemas tecnicos;T3;AG_011;162;1.6;0.4;2.0;0.3;4;1;7
CC_00410;1/01/2026;2026-01;16:20:05;Uruguay;CUST_UR_5068;Problemas tecnicos;T3;AG_012;32;3.3;1.0;4.3;0.6;5;1;10
CC_00411;1/01/2026;2026-01;16:22:46;Mexico;CUST_ME_7459;Gestion de suscripcion;T3;AG_007;172;8.9;2.3;11.2;0.4;2;1;4
CC_00412;1/01/2026;2026-01;16:22:59;Colombia;CUST_CO_9939;Problemas tecnicos;T3;AG_015;58;3.7;1.0;4.7;0.8;4;0;9
CC_00413;1/01/2026;2026-01;16:24:22;Mexico;CUST_ME_8245;Problemas tecnicos;T3;AG_017;20;1.5;0.4;1.9;0.6;5;1;8
CC_00414;1/01/2026;2026-01;16:24:40;Mexico;CUST_ME_4655;Problemas tecnicos;T2;AG_017;137;1.6;0.4;2.0;0.5;1;1;10
CC_00415;1/01/2026;2026-01;16:25:03;Paraguay;CUST_PA_7034;Acceso y cuenta;T3;AG_010;125;5.3;1.4;6.7;0.3;4;1;9
CC_00416;1/01/2026;2026-01;16:27:08;Mexico;CUST_ME_8117;Problemas tecnicos;T2;AG_012;6;3.9;0.5;4.4;0.5;3;0;10
CC_00417;1/01/2026;2026-01;16:27:43;Mexico;CUST_ME_8320;Promociones y descuentos;T3;AG_010;154;1.0;0.1;1.1;0.5;3;0;9
CC_00418;1/01/2026;2026-01;16:28:17;Mexico;CUST_ME_7027;Acceso y cuenta;T3;AG_017;59;2.6;0.4;3.0;0.7;5;0;10
CC_00419;1/01/2026;2026-01;16:30:47;Peru;CUST_PE_6899;Acceso y cuenta;T2;AG_017;111;1.6;0.2;1.8;0.6;3;1;9
CC_00420;1/01/2026;2026-01;16:31:19;Argentina;CUST_AR_8523;Problemas tecnicos;T2;AG_007;118;6.0;0.9;6.9;0.5;4;0;9
CC_00421;1/01/2026;2026-01;16:31:32;Mexico;CUST_ME_8674;Gestion de suscripcion;T3;AG_008;6;2.8;0.6;3.4;0.5;4;1;9
CC_00422;1/01/2026;2026-01;16:31:37;Chile;CUST_CH_4936;Acceso y cuenta;T3;AG_007;169;4.7;1.5;6.2;0.6;2;0;10
CC_00423;1/01/2026;2026-01;16:31:55;Mexico;CUST_ME_8782;Problemas tecnicos;T2;AG_012;92;2.5;0.6;3.1;0.3;5;0;9
CC_00424;1/01/2026;2026-01;16:32:37;Mexico;CUST_ME_9217;Promociones y descuentos;T2;AG_011;53;3.2;0.8;4.0;0.4;1;1;9
CC_00425;1/01/2026;2026-01;16:32:59;Chile;CUST_CH_1388;Problemas tecnicos;T3;AG_010;123;2.3;0.6;2.9;0.6;1;0;10
CC_00426;1/01/2026;2026-01;16:33:12;Colombia;CUST_CO_9298;Acceso y cuenta;T3;AG_007;74;1.7;0.4;2.1;0.3;5;1;9
CC_00427;1/01/2026;2026-01;16:34:57;Chile;CUST_CH_4557;Acceso y cuenta;T3;AG_007;79;4.6;0.6;5.2;0.5;4;0;9
CC_00428;1/01/2026;2026-01;16:35:53;Argentina;CUST_AR_6442;Problemas tecnicos;T3;AG_017;147;4.0;0.6;4.6;0.5;4;0;10
CC_00429;1/01/2026;2026-01;16:35:58;Republica Dominicana;CUST_RE_1708;Gestion de suscripcion;T3;AG_015;13;1.8;0.2;2.0;0.7;5;1;9
CC_00430;1/01/2026;2026-01;16:36:10;Mexico;CUST_ME_7723;Acceso y cuenta;T3;AG_011;129;3.2;1.0;4.2;0.3;4;1;9
CC_00431;1/01/2026;2026-01;16:37:07;Colombia;CUST_CO_3025;Gestion de suscripcion;T2;AG_012;100;2.0;0.3;2.3;0.6;4;1;10
CC_00432;1/01/2026;2026-01;16:37:10;Mexico;CUST_ME_7255;Acceso y cuenta;T3;AG_017;175;5.3;1.0;6.3;0.6;5;1;9
CC_00433;1/01/2026;2026-01;16:37:23;Republica Dominicana;CUST_RE_4632;Gestion de suscripcion;T2;AG_011;134;4.1;0.9;5.0;0.5;4;1;8
CC_00434;1/01/2026;2026-01;16:37:57;Argentina;CUST_AR_1332;Acceso y cuenta;T3;AG_010;109;1.3;0.2;1.5;0.3;4;1;9
CC_00435;1/01/2026;2026-01;16:38:00;Guatemala;CUST_GU_6146;Acceso y cuenta;T3;AG_008;135;3.6;0.6;4.2;0.6;5;1;9
CC_00436;1/01/2026;2026-01;16:38:02;Mexico;CUST_ME_3982;Acceso y cuenta;T2;AG_017;144;5.1;0.7;5.8;0.4;4;1;9
CC_00437;1/01/2026;2026-01;16:38:06;Chile;CUST_CH_8237;Acceso y cuenta;T2;AG_013;72;4.8;1.3;6.1;0.7;5;0;10
CC_00438;1/01/2026;2026-01;16:38:36;Argentina;CUST_AR_8405;Problemas tecnicos;T3;AG_013;39;3.0;0.6;3.6;0.7;5;0;9
CC_00439;1/01/2026;2026-01;16:40:03;Colombia;CUST_CO_3267;Acceso y cuenta;T3;AG_011;92;4.3;0.8;5.1;0.3;4;1;10
CC_00440;1/01/2026;2026-01;16:41:29;Mexico;CUST_ME_3657;Problemas tecnicos;T3;AG_017;78;2.7;0.9;3.6;0.7;2;0;4
CC_00441;1/01/2026;2026-01;16:42:01;Argentina;CUST_AR_1995;Acceso y cuenta;T2;AG_010;6;4.5;1.1;5.6;0.6;3;1;9
CC_00442;1/01/2026;2026-01;16:42:50;Argentina;CUST_AR_9416;Acceso y cuenta;T2;AG_017;32;1.8;0.3;2.1;0.6;4;1;10
CC_00443;1/01/2026;2026-01;16:44:26;Mexico;CUST_ME_1938;Acceso y cuenta;T3;AG_012;80;1.1;0.4;1.5;0.7;5;1;8
CC_00444;1/01/2026;2026-01;16:46:22;Mexico;CUST_ME_8418;Acceso y cuenta;T2;AG_015;14;3.1;0.7;3.8;0.7;4;0;9
CC_00445;1/01/2026;2026-01;16:47:53;Mexico;CUST_ME_7354;Gestion de suscripcion;T2;AG_017;157;5.3;0.8;6.1;0.6;5;1;9
CC_00446;1/01/2026;2026-01;16:47:59;Mexico;CUST_ME_9586;Acceso y cuenta;T2;AG_017;38;1.8;0.3;2.1;0.5;5;1;9
CC_00447;1/01/2026;2026-01;16:48:02;Venezuela;CUST_VE_8469;Problemas tecnicos;T3;AG_012;124;7.6;1.4;9.0;0.4;3;1;9
CC_00448;1/01/2026;2026-01;16:49:55;Argentina;CUST_AR_4359;Problemas tecnicos;T3;AG_006;105;7.1;1.7;8.8;0.7;2;0;9
CC_00449;1/01/2026;2026-01;16:49:58;Mexico;CUST_ME_3585;Problemas tecnicos;T3;AG_006;159;3.6;0.8;4.4;0.7;2;1;9
CC_00450;1/01/2026;2026-01;16:50:50;Colombia;CUST_CO_9454;Problemas tecnicos;T3;AG_010;78;3.0;0.8;3.8;0.5;2;0;9
CC_00451;1/01/2026;2026-01;16:51:53;Argentina;CUST_AR_5926;Problemas tecnicos;T2;AG_006;108;5.3;1.3;6.6;0.6;1;1;2
CC_00452;1/01/2026;2026-01;16:54:29;Mexico;CUST_ME_5007;Problemas tecnicos;T3;AG_007;180;3.1;0.6;3.7;0.8;4;1;9
CC_00453;1/01/2026;2026-01;17:01:15;Argentina;CUST_AR_8946;Problemas tecnicos;T3;AG_013;95;5.0;1.1;6.1;0.8;3;1;9
CC_00454;1/01/2026;2026-01;17:01:29;Ecuador;CUST_EC_7155;Problemas tecnicos;T2;AG_012;128;6.2;0.7;6.9;0.6;3;0;9
CC_00455;1/01/2026;2026-01;17:01:51;Colombia;CUST_CO_5722;Acceso y cuenta;T3;AG_007;173;4.3;1.4;5.7;0.6;4;1;8
CC_00456;1/01/2026;2026-01;17:02:10;Mexico;CUST_ME_8537;Gestion de suscripcion;T3;AG_008;13;2.4;0.7;3.1;0.4;3;0;10
CC_00457;1/01/2026;2026-01;17:03:12;Argentina;CUST_AR_9593;Acceso y cuenta;T3;AG_010;83;1.1;0.2;1.3;0.7;4;1;8
CC_00458;1/01/2026;2026-01;17:04:54;Argentina;CUST_AR_7329;Problemas tecnicos;T3;AG_010;37;2.4;0.4;2.8;0.6;3;0;9
CC_00459;1/01/2026;2026-01;17:05:59;Argentina;CUST_AR_5661;Problemas tecnicos;T2;AG_010;42;3.7;1.1;4.8;0.6;2;1;4
CC_00460;1/01/2026;2026-01;17:06:05;Mexico;CUST_ME_7884;Gestion de suscripcion;T3;AG_015;55;3.7;0.7;4.4;0.3;4;1;7
CC_00461;1/01/2026;2026-01;17:09:01;Colombia;CUST_CO_3064;Problemas tecnicos;T3;AG_015;151;2.9;0.9;3.8;0.7;5;0;9
CC_00462;1/01/2026;2026-01;17:09:35;Argentina;CUST_AR_5486;Acceso y cuenta;T2;AG_017;32;2.3;0.5;2.8;0.6;4;1;9
CC_00463;1/01/2026;2026-01;17:10:03;Argentina;CUST_AR_9448;Problemas tecnicos;T3;AG_006;166;3.0;0.5;3.5;0.6;5;1;8
CC_00464;1/01/2026;2026-01;17:10:20;Argentina;CUST_AR_5307;Gestion de suscripcion;T3;AG_006;121;1.3;0.2;1.5;0.6;4;1;6
CC_00465;1/01/2026;2026-01;17:11:27;Mexico;CUST_ME_8997;Problemas tecnicos;T3;AG_008;113;4.2;1.4;5.6;0.5;5;0;10
CC_00466;1/01/2026;2026-01;17:12:10;Mexico;CUST_ME_7960;Gestion de suscripcion;T3;AG_017;137;4.5;0.9;5.4;0.6;5;1;9
CC_00467;1/01/2026;2026-01;17:13:36;Paraguay;CUST_PA_2183;Problemas tecnicos;T3;AG_006;96;3.8;1.1;4.9;0.8;3;1;9
CC_00468;1/01/2026;2026-01;17:14:59;Mexico;CUST_ME_6143;Gestion de suscripcion;T2;AG_013;64;2.2;0.3;2.5;0.6;4;1;9
CC_00469;1/01/2026;2026-01;17:16:35;Mexico;CUST_ME_2194;Promociones y descuentos;T3;AG_017;16;2.4;0.6;3.0;0.6;5;1;9
CC_00470;1/01/2026;2026-01;17:17:24;Colombia;CUST_CO_2409;Gestion de suscripcion;T2;AG_007;71;1.3;0.3;1.6;0.8;3;1;10
CC_00471;1/01/2026;2026-01;17:18:22;Colombia;CUST_CO_8873;Promociones y descuentos;T2;AG_007;143;2.3;0.6;2.9;0.6;5;1;10
CC_00472;1/01/2026;2026-01;17:19:07;Republica Dominicana;CUST_RE_1587;Problemas tecnicos;T3;AG_011;81;3.4;1.0;4.4;0.4;1;0;3
CC_00473;1/01/2026;2026-01;17:19:50;Colombia;CUST_CO_6175;Problemas tecnicos;T3;AG_006;71;9.6;1.6;11.2;0.6;1;0;3
CC_00474;1/01/2026;2026-01;17:21:27;Argentina;CUST_AR_3151;Problemas tecnicos;T3;AG_013;24;9.5;1.3;10.8;0.4;3;0;9
CC_00475;1/01/2026;2026-01;17:22:51;Mexico;CUST_ME_6313;Gestion de suscripcion;T3;AG_008;116;1.0;0.2;1.2;0.6;5;1;10
CC_00476;1/01/2026;2026-01;17:25:34;Argentina;CUST_AR_3747;Gestion de suscripcion;T2;AG_011;71;2.4;0.3;2.7;0.7;5;1;9
CC_00477;1/01/2026;2026-01;17:25:43;Argentina;CUST_AR_6409;Gestion de suscripcion;T2;AG_010;72;2.0;0.5;2.5;0.8;4;1;9
CC_00478;1/01/2026;2026-01;17:26:30;Mexico;CUST_ME_1251;Problemas tecnicos;T3;AG_007;142;4.4;0.9;5.3;0.4;5;1;9
CC_00479;1/01/2026;2026-01;17:27:04;Mexico;CUST_ME_9701;Acceso y cuenta;T3;AG_007;37;3.7;1.0;4.7;0.4;5;1;9
CC_00480;1/01/2026;2026-01;17:28:10;Peru;CUST_PE_4915;Acceso y cuenta;T2;AG_007;90;5.0;1.4;6.4;0.6;5;1;9
CC_00481;1/01/2026;2026-01;17:29:33;Colombia;CUST_CO_1372;Gestion de suscripcion;T3;AG_015;110;3.9;0.7;4.6;0.6;5;1;9
CC_00482;1/01/2026;2026-01;17:30:54;Mexico;CUST_ME_3960;Gestion de suscripcion;T2;AG_010;52;0.9;0.3;1.2;0.4;4;1;8
CC_00483;1/01/2026;2026-01;17:32:21;Peru;CUST_PE_3216;Acceso y cuenta;T3;AG_011;92;5.7;1.2;6.9;0.5;4;0;9
CC_00484;1/01/2026;2026-01;17:32:43;Chile;CUST_CH_8942;Problemas tecnicos;T3;AG_010;110;1.8;0.4;2.2;0.5;5;0;10
CC_00485;1/01/2026;2026-01;17:33:15;Paraguay;CUST_PA_4510;Problemas tecnicos;T3;AG_006;31;10.4;1.5;11.9;0.8;2;1;9
CC_00486;1/01/2026;2026-01;17:34:12;Argentina;CUST_AR_7074;Promociones y descuentos;T3;AG_008;18;5.0;1.5;6.5;0.4;4;1;10
CC_00487;1/01/2026;2026-01;17:34:16;El Salvador;CUST_EL_6806;Problemas tecnicos;T3;AG_013;48;3.5;0.9;4.4;0.6;4;1;8
CC_00488;1/01/2026;2026-01;17:36:52;Mexico;CUST_ME_2073;Problemas tecnicos;T2;AG_013;146;4.4;0.8;5.2;0.4;3;1;9
CC_00489;1/01/2026;2026-01;17:36:55;Argentina;CUST_AR_5070;Acceso y cuenta;T3;AG_017;26;4.0;1.0;5.0;0.6;5;1;9
CC_00490;1/01/2026;2026-01;17:38:02;Mexico;CUST_ME_9005;Problemas tecnicos;T3;AG_013;28;1.4;0.2;1.6;0.6;3;1;10
CC_00491;1/01/2026;2026-01;17:38:21;Uruguay;CUST_UR_1337;Acceso y cuenta;T2;AG_015;162;5.2;1.4;6.6;0.5;3;1;6
CC_00492;1/01/2026;2026-01;17:38:28;Ecuador;CUST_EC_2024;Problemas tecnicos;T3;AG_011;173;1.5;0.5;2.0;0.6;5;1;9
CC_00493;1/01/2026;2026-01;17:38:50;Republica Dominicana;CUST_RE_4833;Gestion de suscripcion;T3;AG_011;22;2.5;0.6;3.1;0.7;4;1;9
CC_00494;1/01/2026;2026-01;17:43:24;Costa Rica;CUST_CO_8723;Acceso y cuenta;T3;AG_008;63;1.9;0.3;2.2;0.8;2;1;9
CC_00495;1/01/2026;2026-01;17:43:34;Argentina;CUST_AR_3094;Problemas tecnicos;T3;AG_017;36;2.5;0.5;3.0;0.7;3;0;9
CC_00496;1/01/2026;2026-01;17:43:47;Chile;CUST_CH_9168;Problemas tecnicos;T2;AG_012;108;1.1;0.2;1.3;0.4;4;1;10
CC_00497;1/01/2026;2026-01;17:44:02;Argentina;CUST_AR_8981;Problemas tecnicos;T2;AG_008;52;0.9;0.1;1.0;0.4;3;1;6
CC_00498;1/01/2026;2026-01;17:44:29;Argentina;CUST_AR_5619;Problemas tecnicos;T3;AG_007;59;5.1;1.2;6.3;0.7;5;1;9
CC_00499;1/01/2026;2026-01;17:45:23;Chile;CUST_CH_8779;Promociones y descuentos;T2;AG_006;70;0.9;0.2;1.1;0.6;5;1;9
CC_00500;1/01/2026;2026-01;17:46:07;Mexico;CUST_ME_6619;Acceso y cuenta;T3;AG_010;54;1.2;0.3;1.5;0.4;5;0;10
CC_00501;1/01/2026;2026-01;17:47:03;Mexico;CUST_ME_8494;Acceso y cuenta;T3;AG_015;150;0.8;0.2;1.0;0.6;3;1;10
CC_00502;1/01/2026;2026-01;17:47:36;Colombia;CUST_CO_5464;Acceso y cuenta;T2;AG_015;65;1.2;0.3;1.5;0.4;4;1;6
CC_00503;1/01/2026;2026-01;17:48:05;Mexico;CUST_ME_7401;Promociones y descuentos;T3;AG_011;119;2.2;0.6;2.8;0.3;5;1;8
CC_00504;1/01/2026;2026-01;17:49:05;Chile;CUST_CH_1063;Gestion de suscripcion;T3;AG_006;104;4.6;1.0;5.6;0.6;3;1;9
CC_00505;1/01/2026;2026-01;17:49:12;Argentina;CUST_AR_3060;Problemas tecnicos;T3;AG_011;134;10.6;1.3;11.9;0.5;4;0;9
CC_00506;1/01/2026;2026-01;17:49:49;Argentina;CUST_AR_3431;Promociones y descuentos;T2;AG_010;176;1.7;0.4;2.1;0.8;5;1;7
CC_00507;1/01/2026;2026-01;17:50:47;Colombia;CUST_CO_3994;Promociones y descuentos;T3;AG_006;120;4.1;1.0;5.1;0.7;4;0;10
CC_00508;1/01/2026;2026-01;17:51:13;Mexico;CUST_ME_9802;Problemas tecnicos;T3;AG_012;116;5.0;0.7;5.7;0.6;4;1;10
CC_00509;1/01/2026;2026-01;17:51:33;Mexico;CUST_ME_4017;Acceso y cuenta;T3;AG_006;178;3.1;0.8;3.9;0.5;5;1;9
CC_00510;1/01/2026;2026-01;17:52:33;Chile;CUST_CH_7550;Acceso y cuenta;T2;AG_007;54;3.1;0.7;3.8;0.8;5;1;9
CC_00511;1/01/2026;2026-01;17:54:10;Colombia;CUST_CO_2106;Gestion de suscripcion;T2;AG_006;141;4.0;1.0;5.0;0.4;5;1;9
CC_00512;1/01/2026;2026-01;17:57:17;Argentina;CUST_AR_5189;Problemas tecnicos;T2;AG_010;140;3.9;1.2;5.1;0.6;2;1;9
CC_00513;1/01/2026;2026-01;17:58:25;Mexico;CUST_ME_7003;Gestion de suscripcion;T2;AG_008;75;3.6;0.5;4.1;0.4;1;1;9
CC_00514;1/01/2026;2026-01;18:01:45;Argentina;CUST_AR_1906;Problemas tecnicos;T3;AG_015;118;5.4;1.4;6.8;0.6;3;1;9
CC_00515;1/01/2026;2026-01;18:04:11;Ecuador;CUST_EC_9260;Problemas tecnicos;T3;AG_012;48;3.6;0.4;4.0;0.5;5;0;10
CC_00516;1/01/2026;2026-01;18:04:46;Mexico;CUST_ME_2090;Problemas tecnicos;T3;AG_015;168;4.3;0.9;5.2;0.5;5;0;9
CC_00517;1/01/2026;2026-01;18:05:00;Chile;CUST_CH_1063;Gestion de suscripcion;T3;AG_012;170;1.2;0.2;1.4;0.8;4;1;9
CC_00518;1/01/2026;2026-01;18:06:15;Colombia;CUST_CO_2921;Problemas tecnicos;T3;AG_010;70;2.4;0.4;2.8;0.3;2;1;9
CC_00519;1/01/2026;2026-01;18:08:38;Argentina;CUST_AR_9913;Problemas tecnicos;T3;AG_015;17;4.5;1.5;6.0;0.6;3;1;9
CC_00520;1/01/2026;2026-01;18:10:37;Mexico;CUST_ME_9492;Problemas tecnicos;T3;AG_017;100;2.6;0.7;3.3;0.7;3;1;10
CC_00521;1/01/2026;2026-01;18:11:27;Venezuela;CUST_VE_1288;Problemas tecnicos;T3;AG_015;114;2.9;0.6;3.5;0.5;5;1;10
CC_00522;1/01/2026;2026-01;18:13:53;Colombia;CUST_CO_5429;Acceso y cuenta;T3;AG_013;39;3.0;0.9;3.9;0.7;4;1;9
CC_00523;1/01/2026;2026-01;18:16:24;Mexico;CUST_ME_2491;Problemas tecnicos;T3;AG_013;157;5.0;1.2;6.2;0.4;2;0;10
CC_00524;1/01/2026;2026-01;18:16:53;Republica Dominicana;CUST_RE_7322;Problemas tecnicos;T3;AG_011;152;4.7;1.3;6.0;0.6;3;0;9
CC_00525;1/01/2026;2026-01;18:17:35;Chile;CUST_CH_9521;Problemas tecnicos;T3;AG_011;166;5.1;1.6;6.7;0.4;4;0;10
CC_00526;1/01/2026;2026-01;18:17:44;Mexico;CUST_ME_4336;Acceso y cuenta;T3;AG_013;86;9.0;1.4;10.4;0.4;2;1;3
CC_00527;1/01/2026;2026-01;18:17:51;Republica Dominicana;CUST_RE_6618;Acceso y cuenta;T3;AG_011;66;4.8;0.8;5.6;0.5;4;1;9
CC_00528;1/01/2026;2026-01;18:19:14;Colombia;CUST_CO_5494;Promociones y descuentos;T3;AG_010;21;1.8;0.3;2.1;0.5;3;1;9
CC_00529;1/01/2026;2026-01;18:20:30;Colombia;CUST_CO_1643;Problemas tecnicos;T3;AG_010;120;0.9;0.1;1.0;0.3;2;1;9
CC_00530;1/01/2026;2026-01;18:21:30;Mexico;CUST_ME_1179;Acceso y cuenta;T3;AG_015;127;8.8;1.7;10.5;0.7;4;0;9
CC_00531;1/01/2026;2026-01;18:22:02;Chile;CUST_CH_8773;Problemas tecnicos;T3;AG_017;86;2.6;0.5;3.1;0.3;4;1;6
CC_00532;1/01/2026;2026-01;18:22:29;Paraguay;CUST_PA_7513;Acceso y cuenta;T3;AG_015;149;3.3;0.4;3.7;0.6;2;1;9
CC_00533;1/01/2026;2026-01;18:23:29;Argentina;CUST_AR_5798;Problemas tecnicos;T3;AG_010;92;0.9;0.2;1.1;0.3;5;1;9
CC_00534;1/01/2026;2026-01;18:24:03;Colombia;CUST_CO_3157;Acceso y cuenta;T3;AG_010;22;1.2;0.4;1.6;0.6;3;1;9
CC_00535;1/01/2026;2026-01;18:28:52;Colombia;CUST_CO_1542;Problemas tecnicos;T3;AG_015;118;3.9;0.8;4.7;0.6;5;0;9
CC_00536;1/01/2026;2026-01;18:29:25;Mexico;CUST_ME_5983;Acceso y cuenta;T3;AG_015;146;3.0;0.9;3.9;0.3;5;1;9
CC_00537;1/01/2026;2026-01;18:29:31;Argentina;CUST_AR_8177;Problemas tecnicos;T3;AG_011;114;2.1;0.7;2.8;0.6;3;1;9
CC_00538;1/01/2026;2026-01;18:30:29;Mexico;CUST_ME_1392;Acceso y cuenta;T3;AG_010;142;7.6;2.4;10.0;0.8;4;1;9
CC_00539;1/01/2026;2026-01;18:32:15;Mexico;CUST_ME_7954;Problemas tecnicos;T3;AG_017;35;1.1;0.2;1.3;0.8;4;1;7
CC_00540;1/01/2026;2026-01;18:34:23;Mexico;CUST_ME_2245;Problemas tecnicos;T3;AG_015;82;4.7;1.0;5.7;0.4;3;1;9
CC_00541;1/01/2026;2026-01;18:36:35;Mexico;CUST_ME_8206;Acceso y cuenta;T3;AG_010;27;3.5;1.1;4.6;0.6;2;1;9
CC_00542;1/01/2026;2026-01;18:36:53;Peru;CUST_PE_2443;Acceso y cuenta;T3;AG_012;126;3.8;0.6;4.4;0.4;5;1;10
CC_00543;1/01/2026;2026-01;18:36:58;Colombia;CUST_CO_7170;Acceso y cuenta;T3;AG_010;38;3.5;1.1;4.6;0.6;4;1;10
CC_00544;1/01/2026;2026-01;18:37:55;Chile;CUST_CH_8587;Promociones y descuentos;T3;AG_015;159;4.0;0.5;4.5;0.6;4;1;10
CC_00545;1/01/2026;2026-01;18:38:03;Peru;CUST_PE_2405;Problemas tecnicos;T3;AG_013;180;1.4;0.2;1.6;0.4;2;1;3
CC_00546;1/01/2026;2026-01;18:40:21;Mexico;CUST_ME_4529;Promociones y descuentos;T3;AG_010;57;1.8;0.2;2.0;0.6;4;1;7
CC_00547;1/01/2026;2026-01;18:40:22;Mexico;CUST_ME_5291;Acceso y cuenta;T3;AG_013;126;7.4;2.1;9.5;0.4;4;1;6
CC_00548;1/01/2026;2026-01;18:41:06;Chile;CUST_CH_3921;Gestion de suscripcion;T3;AG_011;177;1.8;0.3;2.1;0.6;5;1;8
CC_00549;1/01/2026;2026-01;18:41:46;Chile;CUST_CH_1566;Problemas tecnicos;T3;AG_013;88;5.3;0.9;6.2;0.7;4;0;7
CC_00550;1/01/2026;2026-01;18:43:02;Colombia;CUST_CO_4852;Problemas tecnicos;T3;AG_011;140;4.5;1.0;5.5;0.7;3;1;10
CC_00551;1/01/2026;2026-01;18:43:12;Mexico;CUST_ME_8184;Acceso y cuenta;T3;AG_011;53;3.4;0.9;4.3;0.3;5;0;10
CC_00552;1/01/2026;2026-01;18:45:06;Argentina;CUST_AR_7398;Acceso y cuenta;T3;AG_010;149;1.2;0.2;1.4;0.6;3;0;9
CC_00553;1/01/2026;2026-01;18:47:39;Argentina;CUST_AR_5316;Acceso y cuenta;T3;AG_017;33;6.0;1.0;7.0;0.5;4;0;10
CC_00554;1/01/2026;2026-01;18:48:43;Argentina;CUST_AR_2512;Problemas tecnicos;T3;AG_010;157;3.2;1.1;4.3;0.7;4;1;9
CC_00555;1/01/2026;2026-01;18:49:43;Chile;CUST_CH_9503;Problemas tecnicos;T3;AG_013;65;2.0;0.6;2.6;0.7;4;0;9
CC_00556;1/01/2026;2026-01;18:51:21;Mexico;CUST_ME_9425;Acceso y cuenta;T3;AG_011;78;1.9;0.5;2.4;0.7;5;1;9
CC_00557;1/01/2026;2026-01;18:52:00;Colombia;CUST_CO_9219;Gestion de suscripcion;T3;AG_015;67;1.9;0.2;2.1;0.7;5;0;10
CC_00558;1/01/2026;2026-01;18:53:25;Argentina;CUST_AR_8102;Problemas tecnicos;T3;AG_015;79;9.8;1.5;11.3;0.7;3;0;10
CC_00559;1/01/2026;2026-01;18:53:52;Mexico;CUST_ME_9761;Problemas tecnicos;T3;AG_013;134;3.0;0.6;3.6;0.4;4;0;9
CC_00560;1/01/2026;2026-01;18:54:10;Colombia;CUST_CO_7993;Problemas tecnicos;T3;AG_015;137;5.7;1.3;7.0;0.5;3;1;5
CC_00561;1/01/2026;2026-01;18:54:44;Mexico;CUST_ME_5134;Problemas tecnicos;T3;AG_015;108;8.3;1.9;10.2;0.4;3;1;9
CC_00562;1/01/2026;2026-01;18:55:21;Chile;CUST_CH_4782;Promociones y descuentos;T3;AG_012;116;2.0;0.2;2.2;0.5;4;1;9
CC_00563;1/01/2026;2026-01;18:55:42;Mexico;CUST_ME_9815;Promociones y descuentos;T3;AG_015;98;1.2;0.3;1.5;0.7;3;1;9
CC_00564;1/01/2026;2026-01;18:56:11;Mexico;CUST_ME_4848;Problemas tecnicos;T3;AG_015;73;2.6;0.6;3.2;0.4;1;1;9
CC_00565;1/01/2026;2026-01;18:59:05;Republica Dominicana;CUST_RE_6166;Acceso y cuenta;T3;AG_010;18;3.8;1.0;4.8;0.5;5;0;9
CC_00566;1/01/2026;2026-01;19:00:32;Republica Dominicana;CUST_RE_3791;Acceso y cuenta;T3;AG_010;32;3.8;0.7;4.5;0.7;4;1;10
CC_00567;1/01/2026;2026-01;19:03:25;Colombia;CUST_CO_9461;Promociones y descuentos;T3;AG_015;7;4.4;1.1;5.5;0.6;1;1;9
CC_00568;1/01/2026;2026-01;19:03:42;Argentina;CUST_AR_7762;Gestion de suscripcion;T3;AG_010;16;3.2;0.8;4.0;0.4;5;1;9
CC_00569;1/01/2026;2026-01;19:03:58;Argentina;CUST_AR_6561;Gestion de suscripcion;T3;AG_015;145;3.0;0.7;3.7;0.8;4;1;10
CC_00570;1/01/2026;2026-01;19:04:23;Republica Dominicana;CUST_RE_3837;Acceso y cuenta;T3;AG_011;158;2.0;0.4;2.4;0.3;2;1;10
CC_00571;1/01/2026;2026-01;19:04:24;Mexico;CUST_ME_8110;Acceso y cuenta;T3;AG_012;15;2.2;0.5;2.7;0.7;5;1;9
CC_00572;1/01/2026;2026-01;19:04:30;Colombia;CUST_CO_9367;Problemas tecnicos;T3;AG_013;97;8.3;1.2;9.5;0.7;4;0;7
CC_00573;1/01/2026;2026-01;19:09:10;Mexico;CUST_ME_5097;Problemas tecnicos;T3;AG_012;122;1.3;0.2;1.5;0.6;4;1;10
CC_00574;1/01/2026;2026-01;19:16:42;Argentina;CUST_AR_3039;Problemas tecnicos;T3;AG_010;70;4.3;1.3;5.6;0.5;3;1;7
CC_00575;1/01/2026;2026-01;19:17:34;Mexico;CUST_ME_1397;Problemas tecnicos;T3;AG_010;174;2.6;0.7;3.3;0.6;3;1;10
CC_00576;1/01/2026;2026-01;19:17:57;Mexico;CUST_ME_3735;Acceso y cuenta;T3;AG_013;118;2.6;0.6;3.2;0.7;4;0;9
CC_00577;1/01/2026;2026-01;19:19:06;Republica Dominicana;CUST_RE_9495;Acceso y cuenta;T3;AG_010;12;3.1;1.0;4.1;0.4;2;1;10
CC_00578;1/01/2026;2026-01;19:19:53;Peru;CUST_PE_3937;Problemas tecnicos;T3;AG_011;153;2.2;0.3;2.5;0.7;3;1;5
CC_00579;1/01/2026;2026-01;19:20:22;Colombia;CUST_CO_7757;Problemas tecnicos;T3;AG_010;161;5.4;1.6;7.0;0.3;2;1;3
CC_00580;1/01/2026;2026-01;19:20:57;Mexico;CUST_ME_5709;Problemas tecnicos;T3;AG_012;43;1.7;0.3;2.0;0.5;4;0;6
CC_00581;1/01/2026;2026-01;19:25:27;Republica Dominicana;CUST_RE_1600;Gestion de suscripcion;T3;AG_015;130;1.5;0.2;1.7;0.4;4;1;6
CC_00582;1/01/2026;2026-01;19:26:37;Peru;CUST_PE_3795;Gestion de suscripcion;T3;AG_017;94;3.3;1.0;4.3;0.5;4;1;7
CC_00583;1/01/2026;2026-01;19:26:54;Argentina;CUST_AR_8604;Acceso y cuenta;T3;AG_011;75;8.1;2.0;10.1;0.4;3;0;10
CC_00584;1/01/2026;2026-01;19:31:08;Mexico;CUST_ME_5493;Problemas tecnicos;T3;AG_011;30;2.7;0.5;3.2;0.3;4;1;7
CC_00585;1/01/2026;2026-01;19:32:16;Mexico;CUST_ME_4183;Problemas tecnicos;T3;AG_017;79;2.3;0.6;2.9;0.6;5;0;9
CC_00586;1/01/2026;2026-01;19:32:36;Colombia;CUST_CO_3689;Promociones y descuentos;T3;AG_013;95;5.0;1.1;6.1;0.6;5;1;10
CC_00587;1/01/2026;2026-01;19:36:01;Mexico;CUST_ME_4742;Problemas tecnicos;T3;AG_011;136;1.5;0.3;1.8;0.5;3;0;10
CC_00588;1/01/2026;2026-01;19:36:23;Mexico;CUST_ME_9426;Problemas tecnicos;T3;AG_011;178;1.1;0.1;1.2;0.7;5;1;9
CC_00589;1/01/2026;2026-01;19:38:04;Peru;CUST_PE_9450;Problemas tecnicos;T3;AG_011;111;1.0;0.2;1.2;0.4;4;0;9
CC_00590;1/01/2026;2026-01;19:38:59;Chile;CUST_CH_4824;Gestion de suscripcion;T3;AG_015;173;1.9;0.5;2.4;0.5;4;1;8
CC_00591;1/01/2026;2026-01;19:39:18;Mexico;CUST_ME_3638;Problemas tecnicos;T3;AG_010;57;2.1;0.3;2.4;0.6;1;1;9
CC_00592;1/01/2026;2026-01;19:41:11;Mexico;CUST_ME_2513;Gestion de suscripcion;T3;AG_012;11;1.3;0.3;1.6;0.8;5;1;9
CC_00593;1/01/2026;2026-01;19:46:05;Paraguay;CUST_PA_4956;Acceso y cuenta;T3;AG_012;27;3.8;0.6;4.4;0.5;4;1;9
CC_00594;1/01/2026;2026-01;19:46:24;Mexico;CUST_ME_8060;Problemas tecnicos;T3;AG_011;71;2.4;0.5;2.9;0.6;3;1;9
CC_00595;1/01/2026;2026-01;19:49:03;Panama;CUST_PA_4350;Problemas tecnicos;T3;AG_011;153;3.4;1.0;4.4;0.6;2;0;4
CC_00596;1/01/2026;2026-01;19:50:27;Colombia;CUST_CO_3564;Problemas tecnicos;T3;AG_011;120;9.4;1.3;10.7;0.7;2;1;10
CC_00597;1/01/2026;2026-01;19:53:10;Mexico;CUST_ME_1607;Acceso y cuenta;T3;AG_011;107;7.5;1.0;8.5;0.5;5;0;9
CC_00598;1/01/2026;2026-01;19:53:38;Colombia;CUST_CO_7922;Promociones y descuentos;T3;AG_011;27;7.9;1.7;9.6;0.6;2;1;10
CC_00599;1/01/2026;2026-01;19:56:19;Mexico;CUST_ME_7058;Acceso y cuenta;T3;AG_012;6;8.4;1.4;9.8;0.6;5;0;9
CC_00600;1/01/2026;2026-01;19:56:47;Mexico;CUST_ME_7478;Problemas tecnicos;T3;AG_015;110;2.6;0.6;3.2;0.3;4;0;9
CC_00601;1/01/2026;2026-01;19:57:58;Republica Dominicana;CUST_RE_5037;Problemas tecnicos;T3;AG_012;83;3.2;1.0;4.2;0.7;2;1;3
CC_00602;1/01/2026;2026-01;19:58:18;Colombia;CUST_CO_2722;Acceso y cuenta;T3;AG_010;135;3.3;0.9;4.2;0.4;5;1;9
CC_00603;1/01/2026;2026-01;20:00:52;Chile;CUST_CH_9197;Problemas tecnicos;T3;AG_010;73;1.3;0.2;1.5;0.6;4;0;7
CC_00604;1/01/2026;2026-01;20:01:44;Mexico;CUST_ME_6951;Gestion de suscripcion;T3;AG_015;23;2.9;0.6;3.5;0.8;4;1;7
CC_00605;1/01/2026;2026-01;20:05:42;Colombia;CUST_CO_3711;Acceso y cuenta;T3;AG_013;74;3.5;0.5;4.0;0.7;5;1;10
CC_00606;1/01/2026;2026-01;20:06:14;Mexico;CUST_ME_9853;Acceso y cuenta;T3;AG_012;178;3.6;0.7;4.3;0.7;5;1;9
CC_00607;1/01/2026;2026-01;20:09:10;Mexico;CUST_ME_7711;Acceso y cuenta;T3;AG_017;60;1.2;0.3;1.5;0.6;5;1;9
CC_00608;1/01/2026;2026-01;20:10:55;Mexico;CUST_ME_9135;Problemas tecnicos;T3;AG_015;88;4.5;0.6;5.1;0.5;1;0;10
CC_00609;1/01/2026;2026-01;20:11:41;Mexico;CUST_ME_8003;Problemas tecnicos;T3;AG_012;20;1.6;0.4;2.0;0.6;4;1;9
CC_00610;1/01/2026;2026-01;20:12:04;Argentina;CUST_AR_7124;Promociones y descuentos;T3;AG_013;70;3.7;0.5;4.2;0.6;4;1;9
CC_00611;1/01/2026;2026-01;20:14:42;Mexico;CUST_ME_7843;Problemas tecnicos;T3;AG_012;70;4.2;0.7;4.9;0.6;1;0;9
CC_00612;1/01/2026;2026-01;20:15:51;Mexico;CUST_ME_6502;Problemas tecnicos;T3;AG_011;74;2.0;0.3;2.3;0.7;5;1;8
CC_00613;1/01/2026;2026-01;20:16:13;Mexico;CUST_ME_6427;Problemas tecnicos;T3;AG_011;13;5.4;1.0;6.4;0.5;3;1;9
CC_00614;1/01/2026;2026-01;20:17:52;Chile;CUST_CH_2120;Acceso y cuenta;T3;AG_011;113;2.3;0.5;2.8;0.7;2;1;10
CC_00615;1/01/2026;2026-01;20:17:52;Mexico;CUST_ME_7365;Problemas tecnicos;T3;AG_015;124;4.8;1.3;6.1;0.4;4;0;9
CC_00616;1/01/2026;2026-01;20:19:06;Nicaragua;CUST_NI_6159;Promociones y descuentos;T3;AG_013;78;1.6;0.2;1.8;0.7;3;0;9
CC_00617;1/01/2026;2026-01;20:19:31;Republica Dominicana;CUST_RE_1159;Promociones y descuentos;T3;AG_012;92;2.9;0.7;3.6;0.5;4;1;10
CC_00618;1/01/2026;2026-01;20:20:33;Argentina;CUST_AR_1536;Acceso y cuenta;T3;AG_015;20;2.5;0.3;2.8;0.4;4;1;9
CC_00619;1/01/2026;2026-01;20:23:01;Colombia;CUST_CO_9862;Problemas tecnicos;T3;AG_017;55;3.2;0.8;4.0;0.7;4;0;10
CC_00620;1/01/2026;2026-01;20:23:05;Mexico;CUST_ME_6761;Gestion de suscripcion;T3;AG_015;127;1.8;0.4;2.2;0.8;4;1;9
CC_00621;1/01/2026;2026-01;20:23:20;Argentina;CUST_AR_2259;Problemas tecnicos;T3;AG_011;168;5.4;1.1;6.5;0.8;5;1;10
CC_00622;1/01/2026;2026-01;20:23:52;Colombia;CUST_CO_9755;Acceso y cuenta;T3;AG_015;54;4.9;1.5;6.4;0.5;3;1;9
CC_00623;1/01/2026;2026-01;20:24:12;Republica Dominicana;CUST_RE_4787;Problemas tecnicos;T3;AG_012;92;0.9;0.3;1.2;0.5;3;0;5
CC_00624;1/01/2026;2026-01;20:24:41;Mexico;CUST_ME_2212;Problemas tecnicos;T3;AG_012;128;3.7;0.8;4.5;0.4;5;0;10
CC_00625;1/01/2026;2026-01;20:24:44;Mexico;CUST_ME_6720;Acceso y cuenta;T3;AG_012;40;7.9;1.7;9.6;0.4;5;1;9
CC_00626;1/01/2026;2026-01;20:24:58;Mexico;CUST_ME_3371;Problemas tecnicos;T3;AG_010;83;6.7;1.9;8.6;0.5;1;1;10
CC_00627;1/01/2026;2026-01;20:26:35;Nicaragua;CUST_NI_7028;Gestion de suscripcion;T3;AG_015;159;1.0;0.2;1.2;0.7;5;1;10
CC_00628;1/01/2026;2026-01;20:26:56;Argentina;CUST_AR_3917;Gestion de suscripcion;T3;AG_013;163;2.7;0.8;3.5;0.3;3;1;10
CC_00629;1/01/2026;2026-01;20:30:12;Peru;CUST_PE_5259;Acceso y cuenta;T3;AG_010;133;1.5;0.4;1.9;0.3;3;0;10
CC_00630;1/01/2026;2026-01;20:30:27;Mexico;CUST_ME_6058;Problemas tecnicos;T3;AG_010;54;3.4;0.7;4.1;0.4;2;1;10
CC_00631;1/01/2026;2026-01;20:30:33;Argentina;CUST_AR_4908;Problemas tecnicos;T3;AG_012;83;2.9;0.3;3.2;0.5;4;0;8
CC_00632;1/01/2026;2026-01;20:33:08;Guatemala;CUST_GU_7629;Problemas tecnicos;T3;AG_015;25;5.2;1.2;6.4;0.8;1;0;1
CC_00633;1/01/2026;2026-01;20:34:49;Argentina;CUST_AR_5603;Gestion de suscripcion;T3;AG_017;173;8.8;2.7;11.5;0.6;4;1;10
CC_00634;1/01/2026;2026-01;20:35:05;Ecuador;CUST_EC_9871;Acceso y cuenta;T3;AG_012;76;5.6;1.1;6.7;0.3;5;1;10
CC_00635;1/01/2026;2026-01;20:36:29;Mexico;CUST_ME_5042;Problemas tecnicos;T3;AG_011;177;10.0;1.1;11.1;0.8;1;0;9
CC_00636;1/01/2026;2026-01;20:36:53;Colombia;CUST_CO_7512;Gestion de suscripcion;T3;AG_015;111;9.0;1.2;10.2;0.7;4;1;10
CC_00637;1/01/2026;2026-01;20:40:04;Colombia;CUST_CO_6393;Gestion de suscripcion;T3;AG_015;100;1.2;0.3;1.5;0.6;3;1;9
CC_00638;1/01/2026;2026-01;20:40:06;Guatemala;CUST_GU_2243;Problemas tecnicos;T3;AG_017;94;3.2;1.0;4.2;0.4;3;1;9
CC_00639;1/01/2026;2026-01;20:42:07;Colombia;CUST_CO_1556;Problemas tecnicos;T3;AG_015;77;2.1;0.4;2.5;0.3;3;1;5
CC_00640;1/01/2026;2026-01;20:42:31;Mexico;CUST_ME_8637;Problemas tecnicos;T3;AG_011;177;2.8;0.4;3.2;0.4;3;1;5
CC_00641;1/01/2026;2026-01;20:42:42;Argentina;CUST_AR_4599;Acceso y cuenta;T3;AG_013;74;3.3;0.5;3.8;0.8;4;1;9
CC_00642;1/01/2026;2026-01;20:44:09;Argentina;CUST_AR_3450;Gestion de suscripcion;T3;AG_010;156;4.3;0.7;5.0;0.6;5;0;9
CC_00643;1/01/2026;2026-01;20:44:31;Colombia;CUST_CO_7943;Problemas tecnicos;T3;AG_017;175;4.6;0.8;5.4;0.5;4;0;9
CC_00644;1/01/2026;2026-01;20:44:44;Mexico;CUST_ME_1234;Problemas tecnicos;T3;AG_011;11;4.1;1.3;5.4;0.3;4;1;9
CC_00645;1/01/2026;2026-01;20:45:06;Panama;CUST_PA_1003;Problemas tecnicos;T3;AG_015;116;2.3;0.5;2.8;0.7;4;1;9
CC_00646;1/01/2026;2026-01;20:45:24;Mexico;CUST_ME_2139;Acceso y cuenta;T3;AG_017;97;2.6;0.7;3.3;0.7;5;1;9
CC_00647;1/01/2026;2026-01;20:45:56;Argentina;CUST_AR_2405;Problemas tecnicos;T3;AG_010;160;0.9;0.2;1.1;0.6;4;1;10
CC_00648;1/01/2026;2026-01;20:46:15;Argentina;CUST_AR_8832;Problemas tecnicos;T3;AG_013;143;1.7;0.4;2.1;0.6;3;1;9
CC_00649;1/01/2026;2026-01;20:46:28;Mexico;CUST_ME_4659;Problemas tecnicos;T3;AG_011;13;2.6;0.3;2.9;0.4;4;1;10
CC_00650;1/01/2026;2026-01;20:48:57;Mexico;CUST_ME_7628;Problemas tecnicos;T3;AG_012;155;1.8;0.3;2.1;0.6;3;0;9
CC_00651;1/01/2026;2026-01;20:51:43;Mexico;CUST_ME_7896;Acceso y cuenta;T3;AG_011;30;1.9;0.5;2.4;0.4;5;0;9
CC_00652;1/01/2026;2026-01;20:51:43;Argentina;CUST_AR_3041;Acceso y cuenta;T3;AG_010;97;3.8;0.7;4.5;0.6;3;1;9
CC_00653;1/01/2026;2026-01;20:51:44;Argentina;CUST_AR_2847;Problemas tecnicos;T3;AG_010;104;5.0;0.9;5.9;0.4;3;0;7
CC_00654;1/01/2026;2026-01;20:51:47;Argentina;CUST_AR_1281;Promociones y descuentos;T3;AG_013;162;5.3;0.9;6.2;0.4;3;1;9
CC_00655;1/01/2026;2026-01;20:52:45;Guatemala;CUST_GU_4111;Problemas tecnicos;T3;AG_010;119;4.1;1.1;5.2;0.6;4;1;6
CC_00656;1/01/2026;2026-01;20:53:57;Mexico;CUST_ME_5607;Problemas tecnicos;T3;AG_013;77;1.1;0.3;1.4;0.7;4;1;10
CC_00657;1/01/2026;2026-01;20:57:52;Colombia;CUST_CO_7914;Gestion de suscripcion;T3;AG_011;26;2.5;0.7;3.2;0.8;4;1;7
CC_00658;1/01/2026;2026-01;21:01:07;Argentina;CUST_AR_6723;Acceso y cuenta;T3;AG_017;108;1.8;0.2;2.0;0.3;4;1;9
CC_00659;1/01/2026;2026-01;21:02:53;Mexico;CUST_ME_3870;Gestion de suscripcion;T3;AG_010;150;5.3;1.0;6.3;0.6;4;1;7
CC_00660;1/01/2026;2026-01;21:02:57;Peru;CUST_PE_6563;Problemas tecnicos;T3;AG_010;146;5.7;1.1;6.8;0.4;3;0;9
CC_00661;1/01/2026;2026-01;21:03:02;Mexico;CUST_ME_1081;Acceso y cuenta;T3;AG_010;90;8.3;1.0;9.3;0.5;3;0;9
CC_00662;1/01/2026;2026-01;21:03:22;Argentina;CUST_AR_4653;Problemas tecnicos;T3;AG_011;89;2.6;0.6;3.2;0.3;1;1;9
CC_00663;1/01/2026;2026-01;21:05:32;Argentina;CUST_AR_1947;Problemas tecnicos;T3;AG_011;129;1.6;0.5;2.1;0.4;5;1;9
CC_00664;1/01/2026;2026-01;21:07:20;Colombia;CUST_CO_9121;Promociones y descuentos;T3;AG_017;95;3.0;1.0;4.0;0.5;5;1;10
CC_00665;1/01/2026;2026-01;21:07:36;Mexico;CUST_ME_6209;Gestion de suscripcion;T3;AG_010;104;3.3;0.5;3.8;0.7;4;1;10
CC_00666;1/01/2026;2026-01;21:07:36;Chile;CUST_CH_9442;Problemas tecnicos;T3;AG_013;130;9.9;1.8;11.7;0.4;5;1;9
CC_00667;1/01/2026;2026-01;21:08:06;Argentina;CUST_AR_9189;Problemas tecnicos;T3;AG_017;50;4.1;1.1;5.2;0.4;5;0;9
CC_00668;1/01/2026;2026-01;21:08:43;Argentina;CUST_AR_5264;Problemas tecnicos;T3;AG_011;179;5.0;1.4;6.4;0.3;4;0;9
CC_00669;1/01/2026;2026-01;21:08:57;Colombia;CUST_CO_4526;Gestion de suscripcion;T3;AG_012;124;2.3;0.4;2.7;0.7;4;1;6
CC_00670;1/01/2026;2026-01;21:08:58;Mexico;CUST_ME_8949;Promociones y descuentos;T3;AG_011;169;1.6;0.5;2.1;0.8;3;1;9
CC_00671;1/01/2026;2026-01;21:10:59;Argentina;CUST_AR_1487;Acceso y cuenta;T3;AG_012;46;5.6;0.7;6.3;0.4;3;1;9
CC_00672;1/01/2026;2026-01;21:14:12;Mexico;CUST_ME_9261;Gestion de suscripcion;T3;AG_015;157;2.4;0.5;2.9;0.3;3;1;6
CC_00673;1/01/2026;2026-01;21:14:28;Ecuador;CUST_EC_2619;Promociones y descuentos;T3;AG_015;31;2.6;0.6;3.2;0.5;5;1;9
CC_00674;1/01/2026;2026-01;21:18:20;Republica Dominicana;CUST_RE_5437;Problemas tecnicos;T3;AG_013;67;4.2;0.7;4.9;0.4;3;0;10
CC_00675;1/01/2026;2026-01;21:18:41;Colombia;CUST_CO_6545;Acceso y cuenta;T3;AG_017;102;1.3;0.2;1.5;0.7;3;0;9
CC_00676;1/01/2026;2026-01;21:19:16;Republica Dominicana;CUST_RE_8886;Acceso y cuenta;T3;AG_010;123;4.9;0.9;5.8;0.4;5;0;8
CC_00677;1/01/2026;2026-01;21:20:39;Colombia;CUST_CO_5563;Acceso y cuenta;T3;AG_015;111;2.3;0.8;3.1;0.8;5;1;9
CC_00678;1/01/2026;2026-01;21:21:03;Mexico;CUST_ME_2730;Acceso y cuenta;T3;AG_015;125;7.6;2.3;9.9;0.7;4;0;9
CC_00679;1/01/2026;2026-01;21:24:21;Colombia;CUST_CO_8647;Problemas tecnicos;T3;AG_011;118;5.9;1.0;6.9;0.4;1;0;9
CC_00680;1/01/2026;2026-01;21:26:24;Chile;CUST_CH_7191;Problemas tecnicos;T3;AG_013;7;3.5;0.6;4.1;0.4;3;1;9
CC_00681;1/01/2026;2026-01;21:26:52;Mexico;CUST_ME_1264;Gestion de suscripcion;T3;AG_015;53;3.1;0.6;3.7;0.8;4;0;7
CC_00682;1/01/2026;2026-01;21:29:00;Mexico;CUST_ME_4118;Gestion de suscripcion;T3;AG_010;170;1.3;0.4;1.7;0.5;3;1;9
CC_00683;1/01/2026;2026-01;21:29:03;Mexico;CUST_ME_9275;Gestion de suscripcion;T3;AG_015;177;5.1;1.4;6.5;0.4;4;1;9
CC_00684;1/01/2026;2026-01;21:30:12;Colombia;CUST_CO_1894;Gestion de suscripcion;T3;AG_012;102;6.2;0.7;6.9;0.5;5;1;9
CC_00685;1/01/2026;2026-01;21:30:57;Mexico;CUST_ME_4954;Gestion de suscripcion;T3;AG_013;12;5.4;1.3;6.7;0.4;4;1;9
CC_00686;1/01/2026;2026-01;21:31:29;Mexico;CUST_ME_6132;Problemas tecnicos;T3;AG_013;136;3.1;0.7;3.8;0.4;5;1;9
CC_00687;1/01/2026;2026-01;21:32:21;Mexico;CUST_ME_8373;Gestion de suscripcion;T3;AG_013;42;3.5;0.7;4.2;0.3;5;0;9
CC_00688;1/01/2026;2026-01;21:32:40;Mexico;CUST_ME_4837;Problemas tecnicos;T3;AG_017;22;5.0;0.7;5.7;0.7;5;1;10
CC_00689;1/01/2026;2026-01;21:32:48;Mexico;CUST_ME_6057;Problemas tecnicos;T3;AG_010;62;4.7;0.8;5.5;0.4;4;0;7
CC_00690;1/01/2026;2026-01;21:38:35;Mexico;CUST_ME_7641;Acceso y cuenta;T3;AG_017;75;1.4;0.3;1.7;0.4;5;1;10
CC_00691;1/01/2026;2026-01;21:39:59;Chile;CUST_CH_8063;Promociones y descuentos;T3;AG_011;139;5.6;0.7;6.3;0.5;3;1;9
CC_00692;1/01/2026;2026-01;21:40:25;Mexico;CUST_ME_1695;Problemas tecnicos;T3;AG_012;144;3.5;0.5;4.0;0.4;4;1;9
CC_00693;1/01/2026;2026-01;21:42:45;Argentina;CUST_AR_8112;Acceso y cuenta;T3;AG_013;55;4.6;1.2;5.8;0.4;4;1;9
CC_00694;1/01/2026;2026-01;21:46:21;Colombia;CUST_CO_8416;Gestion de suscripcion;T3;AG_013;71;5.2;1.4;6.6;0.4;3;1;10
CC_00695;1/01/2026;2026-01;21:46:36;Mexico;CUST_ME_6319;Gestion de suscripcion;T3;AG_010;73;3.5;0.4;3.9;0.3;4;1;9
CC_00696;1/01/2026;2026-01;21:46:38;Chile;CUST_CH_7281;Problemas tecnicos;T3;AG_010;5;2.2;0.7;2.9;0.6;4;1;9
CC_00697;1/01/2026;2026-01;21:51:34;Mexico;CUST_ME_6499;Acceso y cuenta;T3;AG_015;87;1.9;0.3;2.2;0.4;3;1;10
CC_00698;1/01/2026;2026-01;21:52:37;Colombia;CUST_CO_7122;Promociones y descuentos;T3;AG_010;111;3.3;0.9;4.2;0.7;4;0;9
CC_00699;1/01/2026;2026-01;21:52:40;Mexico;CUST_ME_9075;Acceso y cuenta;T3;AG_013;83;3.5;0.7;4.2;0.6;5;1;9
CC_00700;1/01/2026;2026-01;21:52:50;Mexico;CUST_ME_6919;Gestion de suscripcion;T3;AG_013;5;4.1;0.5;4.6;0.6;1;1;9
CC_00701;1/01/2026;2026-01;21:53:45;Honduras;CUST_HO_6139;Acceso y cuenta;T3;AG_015;133;4.1;1.3;5.4;0.3;3;1;9
CC_00702;1/01/2026;2026-01;21:54:07;Mexico;CUST_ME_9351;Problemas tecnicos;T3;AG_010;45;5.0;0.9;5.9;0.7;1;0;9
CC_00703;1/01/2026;2026-01;21:54:16;Argentina;CUST_AR_2579;Problemas tecnicos;T3;AG_011;43;2.9;0.7;3.6;0.6;4;1;10
CC_00704;1/01/2026;2026-01;21:55:10;Colombia;CUST_CO_9142;Gestion de suscripcion;T3;AG_010;139;2.4;0.8;3.2;0.7;4;1;10
CC_00705;1/01/2026;2026-01;21:55:51;Mexico;CUST_ME_5111;Gestion de suscripcion;T3;AG_013;165;4.3;1.2;5.5;0.6;5;1;10
CC_00706;1/01/2026;2026-01;21:56:57;Mexico;CUST_ME_2132;Problemas tecnicos;T3;AG_012;53;5.4;1.3;6.7;0.7;4;1;9
CC_00707;1/01/2026;2026-01;21:59:49;Panama;CUST_PA_2916;Acceso y cuenta;T3;AG_011;92;5.6;1.1;6.7;0.7;5;0;9
